Workbook

Sheet 상품별심사처리기준
A1: 구분 | C1: 처리정보명 | D1: 전문번호 | E1: 전문내용 | F1: R-Clips 전문구성 | I1: 관련테이블 | J1: 비고
F2: 이지론 (신용회원) | G2: 이지론플러스 (체크회원) | H2: 일사천리론 (비회원)
A3: 대내 | B3: 심사 대상 정보 (분석계) | C3: 심사 사전 대상자 정보 | D3: n/a | E3: 사전대상자 선정 시점 정보 | F3: 통합 | H3: 미사용 | I3: [1] GEA신용회원사전대상자내역 [2] GEA체크회원사전대상자내역 | J3: 1) 수신 데이터 적재 - 수신 후 해당 테이블을 매월 25일 경에 Batch로 적재한다.
B4: 심사 내부 정보 (처리계) | C4: 심사 사전 처리계 정보 | D4: n/a | E4: 신청 시점 처리계 내부정보 | F4: 통합 | I4: [1] GEA심사사전정보내역 [2] GEA심사사전부적격결과내역 | J4: 1) 심사시점에 처리계 테이블을 실시간 참조하여 해당 테이블에 적재하고, RCLIPS I/F시 사용한다.
A5: 대외 | B5: NICE 대외 신용 정보 | C5: 개인 신용정보 | D5: 1F003 | E5: 개인연체정보 + 신용요약정보 + 개인신용평점 | F5: 통합 | H5: 개별 | I5: [1] GEA_NICE신용정보전문 [2] GEA_NICE신용평점정보상세전문 [3] GEA_NICE신용요약정보상세전문 [4] GEA_NICE신용특별요약정보상세전문 | J5: 1) 송신전문 관리 - 송신한 전문에 대하여는 관리하지 않음 (유지수D 요청 사항) 2) 수신전문 관리 - 수신된 전문은 당사의 심사전략솔루션(RCLIPS)에서 사용시 편의성을 위하여 데이터 Parsing을 하여 테이블에 항목별로 적재한다. - 당일 동일 I/F발생시 추가적인 I/F는 수행하지 않고 해당 수신적재된 건을 이용한다.
C6: 실시간동시대출 | D6: 13003 | E6: 실시간 동시대출 정보 | F6: 통합 | I6: [1] GEA_NICE동시대출전문 [2] GEA_NICE동시대출상세전문
C7: 사기거래허위적발 (FRAUD) | D7: 2A116 | E7: 사기거래적발 | F7: 통합 | H7: 미사용 | I7: [1] GEA_NICE허위대출전문 [2] GEA_NICE허위대출스코어상세전문 [3] GEA_NICE허위대출규칙정보상세전문
B8: KCB 대외 신용 정보 | C8: 개인 신용정보 | D8: 0400-437/0410-437 | E8: 개인신용평점 + 신용요약정보 | F8: 통합 | H8: 개별 | I8: [1] GEA_KCB신용정보전문 [2] GEA_KCB신용평점정보상세전문 [3] GEA_KCB신용요약정보상세전문
C9: 실시간동시대출 | D9: 0400-482/0410-482 | E9: 실시간 동시대출 정보 | F9: 통합 | I9: [1] GEA_KCB동시대출전문 [2] GEA_KCB동시대출상세전문
C10: 사기거래허위적발 (FRAUD) | D10: 0200-231/0210-231 | E10: 사기거래적발 | F10: 통합 | H10: 미사용 | I10: [1] GEA_KCB허위대출전문 [2] GEA_KCB허위대출결과상세전문
A12: < 시트 설명 >
A13: Sheet 명 | D13: 정리
A14: 심사테이블 | D14: 심사 프로세스에서 대내(분석계,처리계) 및 대외(NICE, KCB) 의 정보를 참조하거나 I/F등을 통하여 실제 적재 및 관리하는 테이블 레이아아웃
A15: RCLIPS송신(이지론) | D15: 신용회원대출(이지론) 심사에서 관리하는 각 테이블로부터 심사전략솔루션(RCLIPS)의 입력항목 레이아웃과 각 항목별 원천항목(SOURCE COLUMN)별 Maping Rule
A16: RCLIPS수신(이지론) | D16: 신용회원대출(이지론) 심사에 대하여 심사전략솔루션(RCLIPS)로부터 수신받은 심사결과 항목이다.
A17: RCLIPS송신(이지론플러스&일사천리론) | D17: 체크회원(이지론플러스) 및 비회원대출(일사천리론) 심사에서 관리하는 각 테이블로부터 심사전략솔루션(RCLIPS)의 입력항목 레이아웃과 각 항목별 원천항목(SOURCE COLUMN)별 Maping Rule
A18: RCLIPS수신(이지론플러스&일사천리론) | D18: 체크회원(이지론플러스) 및 비회원대출(일사천리론) 심사에 대하여 심사전략솔루션(RCLIPS)로부터 수신받은 심사결과 항목이다.
A19: 참고_AsIs_RCLIPS송신 | D19: As-Is의 RCLIPS를 이용하여 심사를 하였던 일사천리론에 대한 RCLIPS 송신시 입력항목 레이아웃이다.
A20: 참고_AsIs_RCLIPS수신 | D20: As-Is의 RCLIPS를 이용하여 심사를 하였던 일사천리론에 대한 RCLIPS 수신시 입력항목 레이아웃이다.
A21: 용어신청대상 | D21: 심사 관련 테이블 추가시 반영요청 될 항목이다.
A23: < 연관 파일 설명 >
A24: 파일 명 | C24: 구분 | D24: 처리정보명 | E24: 주요내용
A25: 01-1. 사전대상자정보.xlsx | C25: 심사 대상 정보 (분석계) | E25: 분석계로부터 수신받은 대상자(신용회원/체크회원)
A26: 02-2. 내부정보.xlsx | C26: 심사 내부 정보 (처리계) | E26: 처리계 원장으로 부터 심사시 참조하는 각종 항목 및 해당 항목 추출기준
A27: 03-1. NICE_신용정보.xlsx | C27: NICE 대외 신용 정보 | D27: 개인 신용정보 | E27: 대외신용정보 중 NICE의 개인 신용정보 조회 I/F에 대한 입출력 항목 및 RCLIPS에서 사용할 각 종 항목에 대한LIST
A28: 03-2. KCB_신용정보.xlsx | C28: KCB 대외 신용 정보 | D28: 개인 신용정보 | E28: 대외신용정보 중 KCB의 개인 신용정보 조회 I/F에 대한 입출력 항목 및 RCLIPS에서 사용할 각 종 항목에 대한LIST
A29: 03-3. NICE_동시대출.xlsx | C29: NICE 대외 신용 정보 | D29: 실시간동시대출 | E29: 대외신용정보 중 NICE의 실시간 동시대출체크 조회 I/F에 대한 입출력 항목 및 RCLIPS에서 사용할 각 종 항목에 대한LIST
A30: 03-4. KCB_동시대출.xlsx | C30: KCB 대외 신용 정보 | D30: 실시간동시대출 | E30: 대외신용정보 중 KCB의 실시간 동시대출체크 조회 I/F에 대한 입출력 항목 및 RCLIPS에서 사용할 각 종 항목에 대한LIST
A31: 03-5. NICE_FRAUD.xlsx | C31: NICE 대외 신용 정보 | D31: 사기거래허위적발 (FRAUD) | E31: 대외신용정보 중 NICE의 사기거래허위적발 (FRAUD)조회 I/F에 대한 입출력 항목 및 RCLIPS에서 사용할 각 종 항목에 대한LIST
A32: 03-6. KCB_FRAUD.xlsx | C32: KCB 대외 신용 정보 | D32: 사기거래허위적발 (FRAUD) | E32: 대외신용정보 중 KCB의 사기거래허위적발 (FRAUD)조회 I/F에 대한 입출력 항목 및 RCLIPS에서 사용할 각 종 항목에 대한LIST

Sheet 심사테이블
A1: To-Be 테이블 및 항목 | O1: 검토 확인 (원천)
A2: NO | C2: 테이블명 | D2: 테이블한글명 | E2: 컬럼명 | F2: 컬럼한글명 (TO-BE명) | G2: PK 여부 | H2: NULL 여부 | I2: 타입 | J2: 길이 | K2: 소수점 | L2: 테이블 반영분류 | M2: 메타신규대상 | N2: 비고 | O2: 테이블 | P2: 형식 | Q2: 길이 | R2: 항목명 | S2: 이지론 | T2: 이지론 플러스 | U2: 일사 천리
A3: 1 | B3: 1) 심사 대상 정보 (분석계) | C3: TBGEAA209 | D3: GEA신용회원사전대상자내역 | E3: 적용시작일자 | F3: 심사대상적용시작년월일 | G3: Y | H3: N | I3: VARCHAR2 | J3: 8 | L3: 확인중 | S3: ○
A4: =IF(D3=D4,A3+1,1) -> 2 | B4: 1) 심사 대상 정보 (분석계) | C4: TBGEAA209 | D4: GEA신용회원사전대상자내역 | E4: 고객식별자 | F4: 고객식별자 | G4: Y | H4: N | I4: VARCHAR2 | J4: 10 | L4: 확인중 | S4: ○
A5: =IF(D4=D5,A4+1,1) -> 3 | B5: 1) 심사 대상 정보 (분석계) | C5: TBGEAA209 | D5: GEA신용회원사전대상자내역 | E5: 고객관리번호 | F5: 고객관리번호 | G5: Y | H5: N | I5: VARCHAR2 | J5: 5 | L5: 확인중 | S5: ○
A6: =IF(D5=D6,A5+1,1) -> 4 | B6: 1) 심사 대상 정보 (분석계) | C6: TBGEAA209 | D6: GEA신용회원사전대상자내역 | E6: 적용종료일자 | F6: 심사대상적용종료년월일 | I6: VARCHAR2 | J6: 8 | L6: 확인중 | S6: ○
A7: =IF(D6=D7,A6+1,1) -> 5 | B7: 1) 심사 대상 정보 (분석계) | C7: TBGEAA209 | D7: GEA신용회원사전대상자내역 | E7: 이지론탈락사유 | F7: 이지론탈락사유 | I7: VARCHAR2 | J7: 60 | L7: 확인중 | O7: TSMADLN19 | P7: String | Q7: 60 | R7: 이지론탈락사유내용 | S7: ○
A8: =IF(D7=D8,A7+1,1) -> 6 | B8: 1) 심사 대상 정보 (분석계) | C8: TBGEAA209 | D8: GEA신용회원사전대상자내역 | E8: 우량고객내용 | F8: 이지누리론대상편성사유 | I8: VARCHAR2 | J8: 60 | L8: 확인중 | O8: TSMADLN19 | P8: String | Q8: 60 | R8: 우량고객내용 | S8: ○
A9: =IF(D8=D9,A8+1,1) -> 7 | B9: 1) 심사 대상 정보 (분석계) | C9: TBGEAA209 | D9: GEA신용회원사전대상자내역 | E9: 카드최초가입년월일 | F9: 카드최초가입년월일 | I9: VARCHAR2 | J9: 8 | L9: 확인중 | O9: TSMADLN19 | P9: String | Q9: 8 | R9: 최초가입년월일 | S9: ○
A10: =IF(D9=D10,A9+1,1) -> 8 | B10: 1) 심사 대상 정보 (분석계) | C10: TBGEAA209 | D10: GEA신용회원사전대상자내역 | E10: CB신용등급코드 | F10: CB신용등급코드 | I10: VARCHAR2 | J10: 4 | L10: 확인중 | O10: TSMADLN19 | P10: String | Q10: 4 | R10: CB신용등급코드 | S10: ○
A11: =IF(D10=D11,A10+1,1) -> 9 | B11: 1) 심사 대상 정보 (분석계) | C11: TBGEAA209 | D11: GEA신용회원사전대상자내역 | E11: PD등급내용 | F11: PD등급내용 | I11: VARCHAR2 | J11: 5 | L11: 확인중 | O11: TSMADLN19 | P11: String | Q11: 5 | R11: 카드론PD구분 | S11: ○
A12: =IF(D11=D12,A11+1,1) -> 10 | B12: 1) 심사 대상 정보 (분석계) | C12: TBGEAA209 | D12: GEA신용회원사전대상자내역 | E12: 이지론한도금액 | F12: 이지론한도금액 | H12: N | I12: NUMBER | J12: 15 | L12: 확인중 | O12: TSMADLN19 | P12: Numeric | Q12: 15 | R12: 이지론한도 | S12: ○
A13: =IF(D12=D13,A12+1,1) -> 11 | B13: 1) 심사 대상 정보 (분석계) | C13: TBGEAA209 | D13: GEA신용회원사전대상자내역 | E13: 이지론대출금리 | F13: 이지론대출금리 | H13: N | I13: NUMBER | J13: 9 | K13: 5 | L13: 확인중 | O13: TSMADLN19 | P13: Numeric | Q13: 9.5 | R13: 대출이율 | S13: ○
A14: =IF(D13=D14,A13+1,1) -> 12 | B14: 1) 심사 대상 정보 (분석계) | C14: TBGEAA209 | D14: GEA신용회원사전대상자내역 | E14: 연간원리금상환금액 | F14: 연간원리금상환금액 | H14: N | I14: NUMBER | J14: 15 | L14: 확인중 | O14: TSMADLN19 | P14: Numeric | Q14: 15 | R14: 연원리금상환금액 | S14: ○
A15: =IF(D14=D15,A14+1,1) -> 13 | B15: 1) 심사 대상 정보 (분석계) | C15: TBGEAA209 | D15: GEA신용회원사전대상자내역 | E15: 유효가맹점여부 | F15: 유효가맹점여부 | I15: VARCHAR2 | J15: 1 | L15: 확인중 | O15: TSMADLA19 | P15: String | Q15: 1 | R15: 유효가맹점여부 | S15: ○
A16: =IF(D15=D16,A15+1,1) -> 14 | B16: 1) 심사 대상 정보 (분석계) | C16: TBGEAA209 | D16: GEA신용회원사전대상자내역 | E16: 유효사업자여부 | F16: 유효사업자여부 | I16: VARCHAR2 | J16: 1 | L16: 확인중 | O16: TSMADLA19 | P16: String | Q16: 1 | R16: 유효사업자여부 | S16: ○
A17: =IF(D16=D17,A16+1,1) -> 15 | B17: 1) 심사 대상 정보 (분석계) | C17: TBGEAA209 | D17: GEA신용회원사전대상자내역 | E17: 론니즈등급구분코드 | F17: 카드론니즈등급구분코드 | I17: VARCHAR2 | J17: 2 | L17: 확인중 | O17: TSMADLN19 | P17: String | Q17: 2 | R17: 론니즈등급구분 | S17: ○
A18: =IF(D17=D18,A17+1,1) -> 16 | B18: 1) 심사 대상 정보 (분석계) | C18: TBGEAA209 | D18: GEA신용회원사전대상자내역 | E18: 신용등급코드 | F18: 신용등급코드 | I18: VARCHAR2 | J18: 4 | L18: 확인중 | O18: TSMADLN19 | P18: String | Q18: 4 | R18: 신용등급코드 | S18: ○
A19: =IF(D18=D19,A18+1,1) -> 17 | B19: 1) 심사 대상 정보 (분석계) | C19: TBGEAA209 | D19: GEA신용회원사전대상자내역 | E19: KCB신용평가점수내용 | F19: KCB신용평가점수내용 | H19: N | I19: NUMBER | J19: 4 | L19: 확인중 | O19: TSMADLN19 | P19: Numeric | Q19: 4 | R19: 신용평점일련번호 | S19: ○
A20: =IF(D19=D20,A19+1,1) -> 18 | B20: 1) 심사 대상 정보 (분석계) | C20: TBGEAA209 | D20: GEA신용회원사전대상자내역 | E20: 최근3개월채권잔액 | F20: 최근3개월채권평잔 | H20: N | I20: NUMBER | J20: 15 | L20: 확인중 | O20: TSMADLN19 | P20: Numeric | Q20: 15 | R20: 최근3개월카드채권평잔 | S20: ○
A21: =IF(D20=D21,A20+1,1) -> 19 | B21: 1) 심사 대상 정보 (분석계) | C21: TBGEAA209 | D21: GEA신용회원사전대상자내역 | E21: 신규고객여부 | F21: 신규카드발급2개월초과여부 | I21: VARCHAR2 | J21: 1 | L21: 확인중 | O21: TSMADLN19 | P21: String | Q21: 1 | R21: 신규기존여부 | S21: ○
A22: =IF(D21=D22,A21+1,1) -> 20 | B22: 1) 심사 대상 정보 (분석계) | C22: TBGEAA209 | D22: GEA신용회원사전대상자내역 | E22: 최근12개월카드론평잔 | F22: 최근12개월카드론평잔 | H22: N | I22: NUMBER | J22: 15 | L22: 확인중 | O22: TSMADLN19 | P22: Numeric | Q22: 15 | R22: 최근12개월카드론평잔 | S22: ○
A23: =IF(D22=D23,A22+1,1) -> 21 | B23: 1) 심사 대상 정보 (분석계) | C23: TBGEAA209 | D23: GEA신용회원사전대상자내역 | E23: 월가처분소득금액 | F23: 월가처분소득금액 | H23: N | I23: NUMBER | J23: 15 | L23: 확인중 | O23: TSMADLN19 | P23: Numeric | Q23: 15 | R23: 월가처분소득금액 | S23: ○
A24: =IF(D23=D24,A23+1,1) -> 22 | B24: 1) 심사 대상 정보 (분석계) | C24: TBGEAA209 | D24: GEA신용회원사전대상자내역 | E24: 등급별최대한도금액 | F24: 결합등급한도금액 | H24: N | I24: NUMBER | J24: 15 | L24: 확인중 | O24: TSMADLN19 | P24: Numeric | Q24: 15 | R24: 등급별최고한도 | S24: ○
A25: =IF(D24=D25,A24+1,1) -> 23 | B25: 1) 심사 대상 정보 (분석계) | C25: TBGEAA209 | D25: GEA신용회원사전대상자내역 | E25: 연령한도제한금액 | F25: 연령한도제한금액 | H25: N | I25: NUMBER | J25: 15 | L25: 확인중 | O25: TSMADLN19 | P25: Numeric | Q25: 15 | R25: 연령별한도 | S25: ○
A26: =IF(D25=D26,A25+1,1) -> 24 | B26: 1) 심사 대상 정보 (분석계) | C26: TBGEAA209 | D26: GEA신용회원사전대상자내역 | E26: 이용가능한도미사용금액 | F26: 이용가능한도미사용금액 | H26: N | I26: NUMBER | J26: 15 | L26: 확인중 | O26: TSMADLN19 | P26: Numeric | Q26: 15 | R26: 이용가능한도미사용금액 | S26: ○
A27: =IF(D26=D27,A26+1,1) -> 25 | B27: 1) 심사 대상 정보 (분석계) | C27: TBGEAA209 | D27: GEA신용회원사전대상자내역 | E27: CSM연소득금액 | F27: CSM연소득금액 | H27: N | I27: NUMBER | J27: 15 | L27: 확인중 | O27: TSMADLN19 | P27: Numeric | Q27: 15 | R27: CSM연소득금액 | S27: ○
A28: =IF(D27=D28,A27+1,1) -> 26 | B28: 1) 심사 대상 정보 (분석계) | C28: TBGEAA209 | D28: GEA신용회원사전대상자내역 | E28: 만기일시한도금액 | F28: 이지론일시상환한도금액 | H28: N | I28: NUMBER | J28: 15 | L28: 확인중 | O28: TSMADLN19 | P28: Numeric | Q28: 15 | R28: 만기일시한도 | S28: ○
A29: =IF(D28=D29,A28+1,1) -> 27 | B29: 1) 심사 대상 정보 (분석계) | C29: TBGEAA209 | D29: GEA신용회원사전대상자내역 | E29: 낙아웃구제대상여부 | F29: 이지누리론낙아웃구제대상여부 | I29: VARCHAR2 | J29: 1 | L29: 확인중 | O29: TSMADLN19 | P29: String | Q29: 1 | R29: 구제대상여부 | S29: ○
A30: =IF(D29=D30,A29+1,1) -> 28 | B30: 1) 심사 대상 정보 (분석계) | C30: TBGEAA209 | D30: GEA신용회원사전대상자내역 | E30: 이지론소액한도대상여부 | F30: 이지누리론소액한도대상여부 | I30: VARCHAR2 | J30: 1 | L30: 확인중 | O30: TSMADLN19 | P30: String | Q30: 1 | R30: 소액한도대상여부 | S30: ○
A31: =IF(D30=D31,A30+1,1) -> 29 | B31: 1) 심사 대상 정보 (분석계) | C31: TBGEAA209 | D31: GEA신용회원사전대상자내역 | E31: 이지론최장거치개월수 | F31: 이지론거치기간수 | H31: N | I31: NUMBER | J31: 5 | L31: 확인중 | O31: TSMADLN19 | P31: Numeric | Q31: 5 | R31: 최장거치개월수 | S31: ○
A32: =IF(D31=D32,A31+1,1) -> 30 | B32: 1) 심사 대상 정보 (분석계) | C32: TBGEAA209 | D32: GEA신용회원사전대상자내역 | E32: 이지론최장대출기간월수 | F32: 이지론분할상환대출기간수 | H32: N | I32: NUMBER | J32: 5 | L32: 확인중 | O32: TSMADLN19 | P32: Numeric | Q32: 5 | R32: 최장대출기간월수 | S32: ○
A33: =IF(D32=D33,A32+1,1) -> 31 | B33: 1) 심사 대상 정보 (분석계) | C33: TBGEAA209 | D33: GEA신용회원사전대상자내역 | E33: 일반대출인정기준년월 | F33: 이지론플러스대출자격유효년월 | I33: VARCHAR2 | J33: 6 | L33: 확인중 | O33: TSMADLN19 | P33: String | Q33: 6 | R33: 일반대출인정기준년월 | S33: ○
A34: =IF(D33=D34,A33+1,1) -> 32 | B34: 1) 심사 대상 정보 (분석계) | C34: TBGEAA209 | D34: GEA신용회원사전대상자내역 | E34: 일반대출인정금액 | F34: 이지론플러스이전한도금액 | H34: N | I34: NUMBER | J34: 15 | L34: 확인중 | O34: TSMADLN19 | P34: Numeric | Q34: 15 | R34: 일반대출인정금액 | S34: ○
A35: =IF(D34=D35,A34+1,1) -> 33 | B35: 1) 심사 대상 정보 (분석계) | C35: TBGEAA209 | D35: GEA신용회원사전대상자내역 | E35: TM적용한도금액 | F35: 이지론증액한도금액 | H35: N | I35: NUMBER | J35: 15 | L35: 확인중 | O35: TSMADLN19 | P35: Numeric | Q35: 15 | R35: TM적용한도 | S35: ○
A36: =IF(D35=D36,A35+1,1) -> 34 | B36: 1) 심사 대상 정보 (분석계) | C36: TBGEAA209 | D36: GEA신용회원사전대상자내역 | E36: 신용BSS산정대상구분코드 | F36: 신용BSS산정대상구분코드 | I36: VARCHAR2 | J36: 3 | L36: 확인중 | O36: TSMADLN19 | P36: String | Q36: 3 | R36: 신용BSS산정대상구분 | S36: ○
A37: =IF(D36=D37,A36+1,1) -> 35 | B37: 1) 심사 대상 정보 (분석계) | C37: TBGEAA209 | D37: GEA신용회원사전대상자내역 | E37: 통합카드BSS모형구분코드 | F37: 통합카드BSS모형구분코드 | I37: VARCHAR2 | J37: 2 | L37: 확인중 | O37: TSMADLN19 | P37: String | Q37: 2 | R37: 신용BSS모형구분 | S37: ○
A38: =IF(D37=D38,A37+1,1) -> 36 | B38: 1) 심사 대상 정보 (분석계) | C38: TBGEAA209 | D38: GEA신용회원사전대상자내역 | E38: 신용카드BSS평가점수 | F38: 신용카드BSS평가점수 | H38: N | I38: NUMBER | J38: 5 | L38: 확인중 | O38: TSMADLN19 | P38: Numeric | Q38: 5 | R38: 신용BSS평점 | S38: ○
A39: =IF(D38=D39,A38+1,1) -> 37 | B39: 1) 심사 대상 정보 (분석계) | C39: TBGEAA209 | D39: GEA신용회원사전대상자내역 | E39: 신용BSS등급구분코드 | F39: 신용BSS등급구분코드 | I39: VARCHAR2 | J39: 2 | L39: 확인중 | O39: TSMADLN19 | P39: String | Q39: 2 | R39: 신용BSS등급 | S39: ○
A40: =IF(D39=D40,A39+1,1) -> 38 | B40: 1) 심사 대상 정보 (분석계) | C40: TBGEAA209 | D40: GEA신용회원사전대상자내역 | E40: 카드론신규모형구분코드 | F40: 카드론신규모형구분코드 | I40: VARCHAR2 | J40: 2 | L40: 확인중 | O40: TSMADLN19 | P40: String | Q40: 2 | R40: 카드론신규모형구분 | S40: ○
A41: =IF(D40=D41,A40+1,1) -> 39 | B41: 1) 심사 대상 정보 (분석계) | C41: TBGEAA209 | D41: GEA신용회원사전대상자내역 | E41: 카드론신규등급구분코드 | F41: 카드론신규등급구분코드 | I41: VARCHAR2 | J41: 2 | L41: 확인중 | O41: TSMADLN19 | P41: String | Q41: 2 | R41: 카드론신규등급 | S41: ○
A42: =IF(D41=D42,A41+1,1) -> 40 | B42: 1) 심사 대상 정보 (분석계) | C42: TBGEAA209 | D42: GEA신용회원사전대상자내역 | E42: 이지론금리등급구분코드 | F42: 이지론금리등급구분코드 | I42: VARCHAR2 | J42: 2 | L42: 확인중 | O42: TSMADLN19 | P42: String | Q42: 2 | R42: 이지론금리등급구분 | S42: ○
A43: =IF(D42=D43,A42+1,1) -> 41 | B43: 1) 심사 대상 정보 (분석계) | C43: TBGEAA209 | D43: GEA신용회원사전대상자내역 | E43: 대출수요우대조정금액 | F43: 대출수요우대조정금액 | H43: N | I43: NUMBER | J43: 15 | L43: 확인중 | O43: TSMADLN19 | P43: Numeric | Q43: 15 | R43: 대출수요우대조정금액 | S43: ○
A44: =IF(D43=D44,A43+1,1) -> 42 | B44: 1) 심사 대상 정보 (분석계) | C44: TBGEAA209 | D44: GEA신용회원사전대상자내역 | E44: 카드론잔액보유경험조정금액 | F44: 카드론한도조정금액 | H44: N | I44: NUMBER | J44: 15 | L44: 확인중 | O44: TSMADLN19 | P44: Numeric | Q44: 15 | R44: 카드론잔액보유경험조정금액 | S44: ○
A45: =IF(D44=D45,A44+1,1) -> 43 | B45: 1) 심사 대상 정보 (분석계) | C45: TBGEAA209 | D45: GEA신용회원사전대상자내역 | E45: 등급최대한도조정금액 | F45: 신용등급최대한도조정금액 | H45: N | I45: NUMBER | J45: 15 | L45: 확인중 | O45: TSMADLN19 | P45: Numeric | Q45: 15 | R45: 등급최고한도조정금액 | S45: ○
A46: =IF(D45=D46,A45+1,1) -> 44 | B46: 1) 심사 대상 정보 (분석계) | C46: TBGEAA209 | D46: GEA신용회원사전대상자내역 | E46: 등급최대한도기초금액 | F46: 신용등급최대한도기초금액 | H46: N | I46: NUMBER | J46: 15 | L46: 확인중 | O46: TSMADLN19 | P46: Numeric | Q46: 15 | R46: 등급최고한도기초금액 | S46: ○
A47: =IF(D46=D47,A46+1,1) -> 45 | B47: 1) 심사 대상 정보 (분석계) | C47: TBGEAA209 | D47: GEA신용회원사전대상자내역 | E47: 인구통계조정금액 | F47: 인구통계조정금액 | H47: N | I47: NUMBER | J47: 15 | L47: 확인중 | O47: TSMADLN19 | P47: Numeric | Q47: 15 | R47: 인구통계조정금액 | S47: ○
A48: =IF(D47=D48,A47+1,1) -> 46 | B48: 1) 심사 대상 정보 (분석계) | C48: TBGEAA209 | D48: GEA신용회원사전대상자내역 | E48: 회원세그먼트구분코드 | F48: 회원세그먼트구분코드 | I48: VARCHAR2 | J48: 2 | L48: 확인중 | O48: TSMADLN19 | P48: String | Q48: 2 | R48: 회원세그먼트구분 | S48: ○
A49: =IF(D48=D49,A48+1,1) -> 47 | B49: 1) 심사 대상 정보 (분석계) | C49: TBGEAA209 | D49: GEA신용회원사전대상자내역 | E49: 다중채무대상여부 | F49: 다중채무대상여부 | I49: VARCHAR2 | J49: 1 | L49: 확인중 | O49: TSMADLN19 | P49: String | Q49: 1 | R49: 다중채무자여부 | S49: ○
A50: =IF(D49=D50,A49+1,1) -> 48 | B50: 1) 심사 대상 정보 (분석계) | C50: TBGEAA209 | D50: GEA신용회원사전대상자내역 | E50: 다중채무자그룹구분코드 | F50: 다중채무자그룹구분코드 | I50: VARCHAR2 | J50: 2 | L50: 확인중 | O50: TSMADLN19 | P50: String | Q50: 2 | R50: 다중채무자그룹구분 | S50: ○
A51: =IF(D50=D51,A50+1,1) -> 49 | B51: 1) 심사 대상 정보 (분석계) | C51: TBGEAA209 | D51: GEA신용회원사전대상자내역 | E51: KCB사업자여부 | F51: KCB사업자여부 | I51: VARCHAR2 | J51: 1 | L51: 확인중 | O51: TSMADLN19 | P51: String | Q51: 1 | R51: KCB사업자여부 | S51: ○
A52: =IF(D51=D52,A51+1,1) -> 50 | B52: 1) 심사 대상 정보 (분석계) | C52: TBGEAA209 | D52: GEA신용회원사전대상자내역 | E52: 리스크세그먼트4그룹코드 | F52: 리스크세그먼트4그룹코드 | I52: VARCHAR2 | J52: 2 | L52: 확인중 | O52: TSMADLN19 | P52: String | Q52: 2 | R52: 리스크세그먼트4그룹구분 | S52: ○
A53: =IF(D52=D53,A52+1,1) -> 51 | B53: 1) 심사 대상 정보 (분석계) | C53: TBGEAA209 | D53: GEA신용회원사전대상자내역 | E53: DSR가이드금액 | F53: DSR가이드금액 | H53: N | I53: NUMBER | J53: 15 | L53: 확인중 | O53: TSMADLN19 | P53: Numeric | Q53: 15 | R53: DSR가이드금액 | S53: ○
A54: 추가 | B54: 1) 심사 대상 정보 (분석계) | C54: TBGEAA209 | D54: GEA신용회원사전대상자내역 | E54: N3개월전CB신용등급코드 | F54: N3개월전KCB신용등급코드 | I54: VARCHAR2 | J54: 4 | O54: TSMADLN19 | P54: String | Q54: 4 | R54: N3개월전CB신용등급코드 | S54: ○
A55: 추가 | B55: 1) 심사 대상 정보 (분석계) | C55: TBGEAA209 | D55: GEA신용회원사전대상자내역 | E55: N3개월전신용BSS등급 | F55: N3개월전신용BSS등급구분코드 | I55: VARCHAR2 | J55: 2 | O55: TSMADLN19 | P55: String | Q55: 2 | R55: N3개월전신용BSS등급 | S55: ○
A56: 추가 | B56: 1) 심사 대상 정보 (분석계) | C56: TBGEAA209 | D56: GEA신용회원사전대상자내역 | E56: 지역보유구분 | F56: 심사우대대상지역여부 | I56: VARCHAR2 | J56: 1 | O56: TSMADLN19 | P56: String | Q56: 1 | R56: 지역보유구분 | S56: ○
A57: 추가 | B57: 1) 심사 대상 정보 (분석계) | C57: TBGEAA209 | D57: GEA신용회원사전대상자내역 | E57: 소유실거래가합계 | F57: 보유부동산실거래가합계금액 | I57: NUMBER | J57: 15 | O57: TSMADLN19 | P57: Numeric | Q57: 15 | R57: 소유실거래가합계 | S57: ○
A58: 추가 | B58: 1) 심사 대상 정보 (분석계) | C58: TBGEAA209 | D58: GEA신용회원사전대상자내역 | E58: 소유건축물건수 | F58: 부동산보유건수 | I58: VARCHAR2 | J58: 5 | O58: TSMADLN19 | P58: String | Q58: 5 | R58: 소유건축물건수 | S58: ○
A59: 추가 | B59: 1) 심사 대상 정보 (분석계) | C59: TBGEAA209 | D59: GEA신용회원사전대상자내역 | E59: 서울부동산건수 | F59: 서울지역부동산보유건수 | I59: VARCHAR2 | J59: 5 | O59: TSMADLN19 | P59: String | Q59: 5 | R59: 서울부동산건수 | S59: ○
A60: 추가 | B60: 1) 심사 대상 정보 (분석계) | C60: TBGEAA209 | D60: GEA신용회원사전대상자내역 | E60: 경기도부동산건수 | F60: 경기도지역부동산보유건수 | I60: VARCHAR2 | J60: 5 | O60: TSMADLN19 | P60: String | Q60: 5 | R60: 경기도부동산건수 | S60: ○
A61: 추가 | B61: 1) 심사 대상 정보 (분석계) | C61: TBGEAA209 | D61: GEA신용회원사전대상자내역 | E61: 광역시부동산건수 | F61: 광역시도지역부동산보유건수 | I61: VARCHAR2 | J61: 5 | O61: TSMADLN19 | P61: String | Q61: 5 | R61: 광역시부동산건수 | S61: ○
A62: 추가 | B62: 1) 심사 대상 정보 (분석계) | C62: TBGEAA209 | D62: GEA신용회원사전대상자내역 | E62: 세종시부동산건수 | F62: 세종시지역부동산보유건수 | I62: VARCHAR2 | J62: 5 | O62: TSMADLN19 | P62: String | Q62: 5 | R62: 세종시부동산건수 | S62: ○
A63: 추가 | B63: 1) 심사 대상 정보 (분석계) | C63: TBGEAA209 | D63: GEA신용회원사전대상자내역 | E63: 제주도부동산건수 | F63: 제주지역부동산보유건수 | I63: VARCHAR2 | J63: 5 | O63: TSMADLN19 | P63: String | Q63: 5 | R63: 제주도부동산건수 | S63: ○
A64: 추가 | B64: 1) 심사 대상 정보 (분석계) | C64: TBGEAA209 | D64: GEA신용회원사전대상자내역 | E64: 기타부동산건수 | F64: 기타지역부동산보유건수 | I64: VARCHAR2 | J64: 5 | O64: TSMADLN19 | P64: String | Q64: 5 | R64: 기타부동산건수 | S64: ○
A65: 추가 | B65: 1) 심사 대상 정보 (분석계) | C65: TBGEAA209 | D65: GEA신용회원사전대상자내역 | E65: 자가가압류여부 | F65: 자택가압류여부 | I65: VARCHAR2 | J65: 1 | O65: TSMADLN19 | P65: String | Q65: 1 | R65: 자가가압류여부 | S65: ○
... A79: 추가 | B79: 1) 심사 대상 정보 (분석계) | C79: TBGEAA209 | D79: GEA신용회원사전대상자내역 | E79: 주택자금대출보유금액 | F79: 주택담보대출잔액 | I79: NUMBER | J79: 15 | O79: TSMADLN19 | P79: Numeric | Q79: 15 | R79: 주택자금대출보유금액 | S79: ○
A80: 추가 | B80: 1) 심사 대상 정보 (분석계) | C80: TBGEAA209 | D80: GEA신용회원사전대상자내역 | E80: 총한도소진율 | F80: 신용카드총한도소진율 | I80: NUMBER | J80: 9 | K80: 5 | O80: TSMADLN19 | P80: Numeric | Q80: 9.5 | R80: 총한도소진율 | S80: ○
A81: 추가 | B81: 1) 심사 대상 정보 (분석계) | C81: TBGEAA209 | D81: GEA신용회원사전대상자내역 | E81: 최근12개월잔액보유여부 | F81: 최근12개월카드론잔액보유여부 | I81: VARCHAR2 | J81: 1 | O81: TSMADLN19 | P81: String | Q81: 1 | R81: 최근12개월잔액보유여부 | S81: ○
A82: 추가 | B82: 1) 심사 대상 정보 (분석계) | C82: TBGEAA209 | D82: GEA신용회원사전대상자내역 | E82: 최종가맹점등급 | F82: 가맹점등급구분코드 | I82: VARCHAR2 | J82: 2 | O82: TSMADLN19 | P82: String | Q82: 2 | R82: 최종가맹점등급 | S82: ○
A83: 추가 | B83: 1) 심사 대상 정보 (분석계) | C83: TBGEAA209 | D83: GEA신용회원사전대상자내역 | E83: 카드론잔액 | F83: 카드론잔액 | I83: NUMBER | J83: 15 | O83: TSMADLN19 | P83: Numeric | Q83: 15 | R83: 카드론잔액 | S83: ○
A84: 추가 | B84: 1) 심사 대상 정보 (분석계) | C84: TBGEAA209 | D84: GEA신용회원사전대상자내역 | E84: 카드론중복이용고객여부 | F84: 카드론초과이용고객여부 | I84: VARCHAR2 | J84: 1 | O84: TSMADLN19 | P84: String | Q84: 1 | R84: 카드론중복이용고객여부 | S84: ○
A85: 추가 | B85: 1) 심사 대상 정보 (분석계) | C85: TBGEAA209 | D85: GEA신용회원사전대상자내역 | E85: 통합한도 | F85: 통합한도금액 | I85: NUMBER | J85: 15 | O85: TSMADLN19 | P85: Numeric | Q85: 15 | R85: 통합한도 | S85: ○
A86: 추가 | B86: 1) 심사 대상 정보 (분석계) | C86: TBGEAA209 | D86: GEA신용회원사전대상자내역 | E86: 특수채권여부 | F86: 특수채권잔액보유여부 | I86: VARCHAR2 | J86: 1 | O86: TSMADLN19 | P86: String | Q86: 1 | R86: 특수채권여부 | S86: ○
A87: 추가 | B87: 1) 심사 대상 정보 (분석계) | C87: TBGEAA209 | D87: GEA신용회원사전대상자내역 | E87: 페이플랜이월금액 | F87: 이월리볼빙금액 | I87: NUMBER | J87: 15 | O87: TSMADLN19 | P87: Numeric | Q87: 15 | R87: 페이플랜이월금액 | S87: ○
A88: 추가 | B88: 1) 심사 대상 정보 (분석계) | C88: TBGEAA209 | D88: GEA신용회원사전대상자내역 | E88: 한신정주거우량여부 | F88: NICE주거우량여부 | I88: VARCHAR2 | J88: 1 | O88: TSMADLN19 | P88: String | Q88: 1 | R88: 한신정주거우량여부 | S88: ○
A89: 추가 | B89: 1) 심사 대상 정보 (분석계) | C89: TBGEAA209 | D89: GEA신용회원사전대상자내역 | E89: 한신정직업우량여부 | F89: NICE직업우량여부 | I89: VARCHAR2 | J89: 1 | O89: TSMADLN19 | P89: String | Q89: 1 | R89: 한신정직업우량여부 | S89: ○
A90: 추가 | B90: 1) 심사 대상 정보 (분석계) | C90: TBGEAA209 | D90: GEA신용회원사전대상자내역 | E90: 현금서비스잔액 | F90: CA잔액 | I90: NUMBER | J90: 15 | O90: TSMADLN19 | P90: Numeric | Q90: 15 | R90: 현금서비스잔액 | S90: ○
A91: 추가 | B91: 1) 심사 대상 정보 (분석계) | C91: TBGEAA209 | D91: GEA신용회원사전대상자내역 | E91: 현금서비스한도 | F91: 당사CA한도금액 | I91: NUMBER | J91: 15 | O91: TSMADLN19 | P91: Numeric | Q91: 15 | R91: 현금서비스한도 | S91: ○
A92: 추가 | B92: 1) 심사 대상 정보 (분석계) | C92: TBGEAA209 | D92: GEA신용회원사전대상자내역 | E92: 금리기여도등급 | F92: 카드론신규금리기여도등급 | I92: VARCHAR2 | J92: 3 | O92: TSMADLN19 | P92: String | Q92: 3 | R92: 금리기여도등급 | S92: ○
... A105: 추가 | B105: 1) 심사 대상 정보 (분석계) | C105: TBGEAA209 | D105: GEA신용회원사전대상자내역 | E105: 통합모형KCB평점 | F105: 통합모형KCB평점 | I105: NUMBER | J105: 15 | O105: TSMADLN19 | P105: Numeric | Q105: 15 | R105: 통합모형KCB평점 | S105: ○
A106: =IF(D53=D106,A53+1,1) -> 52 | B106: 1) 심사 대상 정보 (분석계) | C106: TBGEAA209 | D106: GEA신용회원사전대상자내역 | E106: 프리미엄론대출금리 | F106: 프리미엄론대출금리 | H106: N | I106: NUMBER | J106: 9 | K106: 5 | L106: 확인중 | O106: TSMADLG19 | P106: Numeric | Q106: 9.5 | R106: 대출이율 | S106: ○
A107: =IF(D106=D107,A106+1,1) -> 53 | B107: 1) 심사 대상 정보 (분석계) | C107: TBGEAA209 | D107: GEA신용회원사전대상자내역 | E107: 우량회원여부 | F107: 우량회원여부 | I107: VARCHAR2 | J107: 1 | L107: 확인중 | O107: TSMADLG19 | P107: String | Q107: 1 | R107: 우량회원포함여부 | S107: ○
A108: =IF(D107=D108,A107+1,1) -> 54 | B108: 1) 심사 대상 정보 (분석계) | C108: TBGEAA209 | D108: GEA신용회원사전대상자내역 | E108: 신용우수여부 | F108: 프리미엄론신용우수여부 | I108: VARCHAR2 | J108: 1 | L108: 확인중 | O108: TSMADLG19 | P108: String | Q108: 1 | R108: 신용우수여부 | S108: ○
A109: =IF(D108=D109,A108+1,1) -> 55 | B109: 1) 심사 대상 정보 (분석계) | C109: TBGEAA209 | D109: GEA신용회원사전대상자내역 | E109: 프리미엄론1그룹한도금액 | F109: 프리미엄론한도금액 | H109: N | I109: NUMBER | J109: 15 | L109: 확인중 | O109: TSMADLG19 | P109: Numeric | Q109: 15 | R109: 우량직장인론그룹1한도 | S109: ○
A110: =IF(D109=D110,A109+1,1) -> 56 | B110: 1) 심사 대상 정보 (분석계) | C110: TBGEAA209 | D110: GEA신용회원사전대상자내역 | E110: 프리미엄론만기일시한도금액 | F110: 프리미엄론일시상환한도금액 | H110: N | I110: NUMBER | J110: 15 | L110: 확인중 | O110: TSMADLG19 | P110: Numeric | Q110: 15 | R110: 프리미엄론만기일시한도 | S110: ○
A111: =IF(D110=D111,A110+1,1) -> 57 | B111: 1) 심사 대상 정보 (분석계) | C111: TBGEAA209 | D111: GEA신용회원사전대상자내역 | E111: 프리미엄론이율등급구분코드 | F111: 프리미엄론금리등급구분코드 | I111: VARCHAR2 | J111: 2 | L111: 확인중 | O111: TSMADLG19 | P111: String | Q111: 2 | R111: 우량직장인론이율등급구분 | S111: ○
A112: =IF(D111=D112,A111+1,1) -> 58 | B112: 1) 심사 대상 정보 (분석계) | C112: TBGEAA209 | D112: GEA신용회원사전대상자내역 | E112: 프리미엄론최장대출기간개월수 | F112: 프리미엄론분할상환기간수 | H112: N | I112: NUMBER | J112: 5 | L112: 확인중 | O112: TSMADLG19 | P112: Numeric | Q112: 5 | R112: 최장대출기간월수 | S112: ○
A113: =IF(D112=D113,A112+1,1) -> 59 | B113: 1) 심사 대상 정보 (분석계) | C113: TBGEAA209 | D113: GEA신용회원사전대상자내역 | E113: 파일롯대상여부 | F113: 프리미엄론파일롯대상여부 | I113: VARCHAR2 | J113: 2 | L113: 확인중 | O113: TSMADLG19 | P113: String | Q113: 2 | R113: 파일롯대상여부(TSMADLG19 생성필요) | S113: ○
A114: =IF(D113=D114,A113+1,1) -> 60 | B114: 1) 심사 대상 정보 (분석계) | C114: TBGEAA209 | D114: GEA신용회원사전대상자내역 | E114: 우수가맹점여부 | F114: 마이비즈론우수가맹점여부 | I114: VARCHAR2 | J114: 1 | L114: 확인중 | O114: TSMADLA19 | P114: String | Q114: 1 | R114: 우수가맹점여부 | S114: ○
A115: =IF(D114=D115,A114+1,1) -> 61 | B115: 1) 심사 대상 정보 (분석계) | C115: TBGEAA209 | D115: GEA신용회원사전대상자내역 | E115: 우수사업자여부 | F115: 마이비즈론우수사업자여부 | I115: VARCHAR2 | J115: 1 | L115: 확인중 | O115: TSMADLA19 | P115: String | Q115: 1 | R115: 우수사업자여부 | S115: ○
A116: =IF(D115=D116,A115+1,1) -> 62 | B116: 1) 심사 대상 정보 (분석계) | C116: TBGEAA209 | D116: GEA신용회원사전대상자내역 | E116: 가맹점론한도금액 | F116: 마이비즈론한도금액 | H116: N | I116: NUMBER | J116: 15 | L116: 확인중 | O116: TSMADLA19 | P116: Numeric | Q116: 15 | R116: 가맹점론한도 | S116: ○
A117: =IF(D116=D117,A116+1,1) -> 63 | B117: 1) 심사 대상 정보 (분석계) | C117: TBGEAA209 | D117: GEA신용회원사전대상자내역 | E117: 가맹점론만기일시한도금액 | F117: 마이비즈론일시상환한도금액 | H117: N | I117: NUMBER | J117: 15 | L117: 확인중 | O117: TSMADLA19 | P117: Numeric | Q117: 15 | R117: 가맹점론만기일시한도 | S117: ○
A118: =IF(D117=D118,A117+1,1) -> 64 | B118: 1) 심사 대상 정보 (분석계) | C118: TBGEAA209 | D118: GEA신용회원사전대상자내역 | E118: 가맹점론금리등급구분코드 | F118: 마이비즈론금리등급구분코드 | I118: VARCHAR2 | J118: 2 | L118: 확인중 | O118: TSMADLA19 | P118: String | Q118: 2 | R118: 가맹점론금리등급 | S118: ○
A119: =IF(D118=D119,A118+1,1) -> 65 | B119: 1) 심사 대상 정보 (분석계) | C119: TBGEAA209 | D119: GEA신용회원사전대상자내역 | E119: 가맹점론최장대출기간월수 | F119: 마이비즈론분할상환대출기간수 | H119: N | I119: NUMBER | J119: 5 | L119: 확인중 | O119: TSMADLA19 | P119: Numeric | Q119: 5 | R119: 최장대출기간월수 | S119: ○
A120: =IF(D119=D120,A119+1,1) -> 66 | B120: 1) 심사 대상 정보 (분석계) | C120: TBGEAA209 | D120: GEA신용회원사전대상자내역 | E120: 마이비즈론대출금리 | F120: 마이비즈론대출금리 | H120: N | I120: NUMBER | J120: 9 | K120: 5 | L120: 확인중 | O120: TSMADLA19 | P120: Numeric | Q120: 9.5 | R120: 대출이율 | S120: ○
A121: 추가 | B121: 1) 심사 대상 정보 (분석계) | C121: TBGEAA209 | D121: GEA신용회원사전대상자내역 | E121: 우수제외업종여부 | F121: 우대대상제외업종여부 | I121: VARCHAR2 | J121: 1 | O121: TSMADLA19 | P121: String | Q121: 1 | R121: 우수제외업종여부 | S121: ○
A122: 추가 | B122: 1) 심사 대상 정보 (분석계) | C122: TBGEAA209 | D122: GEA신용회원사전대상자내역 | E122: 최종가입년월일 | F122: 당사가맹점최종가입년월일 | I122: VARCHAR2 | J122: 8 | O122: TSMADLA19 | P122: String | Q122: 8 | R122: 최종가입년월일 | S122: ○
A123: 추가 | B123: 1) 심사 대상 정보 (분석계) | C123: TBGEAA209 | D123: GEA신용회원사전대상자내역 | E123: 설립년월일 | F123: 설립년월일 | I123: VARCHAR2 | J123: 8 | O123: TSMADLA19 | P123: String | Q123: 8 | R123: 설립년월일 | S123: ○
A124: 추가 | B124: 1) 심사 대상 정보 (분석계) | C124: TBGEAA209 | D124: GEA신용회원사전대상자내역 | E124: 불량업주여부 | F124: 이지론제외대상불량가맹점주여부 | I124: VARCHAR2 | J124: 1 | O124: TSMADLA19 | P124: String | Q124: 1 | R124: 불량업주여부 | S124: ○
A125: 추가 | B125: 1) 심사 대상 정보 (분석계) | C125: TBGEAA209 | D125: GEA신용회원사전대상자내역 | E125: 최근1년매출금액 | F125: 최근1년당사가맹점매출금액 | I125: NUMBER | J125: 15 | O125: TSMADLA19 | P125: Numeric | Q125: 15 | R125: 최근1년매출금액 | S125: ○
...

Sheet DW수보테이블
A1: To-Be 테이블 및 항목 | O1: 검토 확인 (원천)
A2: NO | C2: 테이블명 | D2: 테이블한글명 | E2: 컬럼명 | F2: 컬럼한글명 (TO-BE명) | G2: PK 여부 | H2: NULL 여부 | I2: 타입 | J2: 길이 | K2: 소수점 | L2: 테이블 반영분류 | M2: 메타신규대상 | N2: 비고 | O2: 테이블 | P2: 형식 | Q2: 길이 | R2: 항목명 | S2: 이지론 | T2: 이지론 플러스 | U2: 일사 천리 | W2: 테이블 | X2: 필드수
A3: 1 | B3: 1) 심사 대상 정보 (분석계) | C3: TBGEAA209 | D3: GEA신용회원사전대상자내역 | E3: 적용시작일자 | F3: 심사대상적용시작년월일 | G3: Y | H3: N | I3: VARCHAR2 | J3: 8 | L3: 확인중 | S3: ○ | W3: TSMADLN19 | X3: =COUNTIF(O:O,W3) -> 105
A4: =IF(D3=D4,A3+1,1) -> 2 | B4: 1) 심사 대상 정보 (분석계) | C4: TBGEAA209 | D4: GEA신용회원사전대상자내역 | E4: 고객식별자 | F4: 고객식별자 | G4: Y | H4: N | I4: VARCHAR2 | J4: 10 | L4: 확인중 | O4: TSMADLN19 | P4: String | Q4: 10 | R4: 고객식별자 | S4: ○ | W4: TSMADLA19 | X4: =COUNTIF(O:O,W4) -> 15
A5: =IF(D4=D5,A4+1,1) -> 3 | B5: 1) 심사 대상 정보 (분석계) | C5: TBGEAA209 | D5: GEA신용회원사전대상자내역 | E5: 고객관리번호 | F5: 고객관리번호 | G5: Y | H5: N | I5: VARCHAR2 | J5: 5 | L5: 확인중 | O5: TSMADLN19 | P5: String | Q5: 5 | R5: 고객관리번호 | S5: ○ | W5: TSMADLG19 | X5: =COUNTIF(O:O,W5) -> 8
A6: =IF(D5=D6,A5+1,1) -> 4 | B6: 1) 심사 대상 정보 (분석계) | C6: TBGEAA209 | D6: GEA신용회원사전대상자내역 | E6: 적용종료일자 | F6: 심사대상적용종료년월일 | I6: VARCHAR2 | J6: 8 | L6: 확인중 | S6: ○ | W6: TSMADLNM1 | X6: =COUNTIF(O:O,W6) -> 5
A7: =IF(D6=D7,A6+1,1) -> 5 | B7: 1) 심사 대상 정보 (분석계) | C7: TBGEAA209 | D7: GEA신용회원사전대상자내역 | E7: 이지론탈락사유 | F7: 이지론탈락사유 | I7: VARCHAR2 | J7: 60 | L7: 확인중 | O7: TSMADLN19 | P7: String | Q7: 60 | R7: 이지론탈락사유내용 | S7: ○ | W7: TSMADLNM2 | X7: =COUNTIF(O:O,W7) -> 5
A8: =IF(D7=D8,A7+1,1) -> 6 | B8: 1) 심사 대상 정보 (분석계) | C8: TBGEAA209 | D8: GEA신용회원사전대상자내역 | E8: 우량고객내용 | F8: 이지누리론대상편성사유 | I8: VARCHAR2 | J8: 60 | L8: 확인중 | O8: TSMADLN19 | P8: String | Q8: 60 | R8: 우량고객내용 | S8: ○ | W8: TSMADLNM3 | X8: =COUNTIF(O:O,W8) -> 12
A9: =IF(D8=D9,A8+1,1) -> 7 | B9: 1) 심사 대상 정보 (분석계) | C9: TBGEAA209 | D9: GEA신용회원사전대상자내역 | E9: 카드최초가입년월일 | F9: 카드최초가입년월일 | I9: VARCHAR2 | J9: 8 | L9: 확인중 | O9: TSMADLN19 | P9: String | Q9: 8 | R9: 최초가입년월일 | S9: ○ | W9: TSMADLF19 | X9: =COUNTIF(O:O,W9) -> 4
A10: =IF(D9=D10,A9+1,1) -> 8 | B10: 1) 심사 대상 정보 (분석계) | C10: TBGEAA209 | D10: GEA신용회원사전대상자내역 | E10: CB신용등급코드 | F10: CB신용등급코드 | I10: VARCHAR2 | J10: 4 | L10: 확인중 | O10: TSMADLN19 | P10: String | Q10: 4 | R10: CB신용등급코드 | S10: ○ | W10: TSMADLC19 | X10: =COUNTIF(O:O,W10) -> 151
A11: =IF(D10=D11,A10+1,1) -> 9 | B11: 1) 심사 대상 정보 (분석계) | C11: TBGEAA209 | D11: GEA신용회원사전대상자내역 | E11: PD등급내용 | F11: PD등급내용 | I11: VARCHAR2 | J11: 5 | L11: 확인중 | O11: TSMADLN19 | P11: String | Q11: 5 | R11: 카드론PD구분 | S11: ○ | X11: =COUNTIF($O$3:$O$317,"") -> 10
A12: =IF(D11=D12,A11+1,1) -> 10 | B12: 1) 심사 대상 정보 (분석계) | C12: TBGEAA209 | D12: GEA신용회원사전대상자내역 | E12: 이지론한도금액 | F12: 이지론한도금액 | H12: N | I12: NUMBER | J12: 15 | L12: 확인중 | O12: TSMADLN19 | P12: Numeric | Q12: 15 | R12: 이지론한도 | S12: ○ | X12: =SUM(X3:X11) -> 315
A13: =IF(D12=D13,A12+1,1) -> 11 | B13: 1) 심사 대상 정보 (분석계) | C13: TBGEAA209 | D13: GEA신용회원사전대상자내역 | E13: 이지론대출금리 | F13: 이지론대출금리 | H13: N | I13: NUMBER | J13: 9 | K13: 5 | L13: 확인중 | O13: TSMADLN19 | P13: Numeric | Q13: 9.5 | R13: 대출이율 | S13: ○
A14: =IF(D13=D14,A13+1,1) -> 12 | B14: 1) 심사 대상 정보 (분석계) | C14: TBGEAA209 | D14: GEA신용회원사전대상자내역 | E14: 연간원리금상환금액 | F14: 연간원리금상환금액 | H14: N | I14: NUMBER | J14: 15 | L14: 확인중 | O14: TSMADLN19 | P14: Numeric | Q14: 15 | R14: 연원리금상환금액 | S14: ○
A15: =IF(D14=D15,A14+1,1) -> 13 | B15: 1) 심사 대상 정보 (분석계) | C15: TBGEAA209 | D15: GEA신용회원사전대상자내역 | E15: 유효가맹점여부 | F15: 유효가맹점여부 | I15: VARCHAR2 | J15: 1 | L15: 확인중 | O15: TSMADLA19 | P15: String | Q15: 1 | R15: 유효가맹점여부 | S15: ○
A16: =IF(D15=D16,A15+1,1) -> 14 | B16: 1) 심사 대상 정보 (분석계) | C16: TBGEAA209 | D16: GEA신용회원사전대상자내역 | E16: 유효사업자여부 | F16: 유효사업자여부 | I16: VARCHAR2 | J16: 1 | L16: 확인중 | O16: TSMADLA19 | P16: String | Q16: 1 | R16: 유효사업자여부 | S16: ○
A17: =IF(D16=D17,A16+1,1) -> 15 | B17: 1) 심사 대상 정보 (분석계) | C17: TBGEAA209 | D17: GEA신용회원사전대상자내역 | E17: 론니즈등급구분코드 | F17: 카드론니즈등급구분코드 | I17: VARCHAR2 | J17: 2 | L17: 확인중 | O17: TSMADLN19 | P17: String | Q17: 2 | R17: 론니즈등급구분 | S17: ○
A18: =IF(D17=D18,A17+1,1) -> 16 | B18: 1) 심사 대상 정보 (분석계) | C18: TBGEAA209 | D18: GEA신용회원사전대상자내역 | E18: 신용등급코드 | F18: 신용등급코드 | I18: VARCHAR2 | J18: 4 | L18: 확인중 | O18: TSMADLN19 | P18: String | Q18: 4 | R18: 신용등급코드 | S18: ○
A19: =IF(D18=D19,A18+1,1) -> 17 | B19: 1) 심사 대상 정보 (분석계) | C19: TBGEAA209 | D19: GEA신용회원사전대상자내역 | E19: KCB신용평가점수내용 | F19: KCB신용평가점수내용 | H19: N | I19: NUMBER | J19: 4 | L19: 확인중 | O19: TSMADLN19 | P19: Numeric | Q19: 4 | R19: 신용평점일련번호 | S19: ○
A20: =IF(D19=D20,A19+1,1) -> 18 | B20: 1) 심사 대상 정보 (분석계) | C20: TBGEAA209 | D20: GEA신용회원사전대상자내역 | E20: 최근3개월채권잔액 | F20: 최근3개월채권평잔 | H20: N | I20: NUMBER | J20: 15 | L20: 확인중 | O20: TSMADLN19 | P20: Numeric | Q20: 15 | R20: 최근3개월카드채권평잔 | S20: ○
A21: =IF(D20=D21,A20+1,1) -> 19 | B21: 1) 심사 대상 정보 (분석계) | C21: TBGEAA209 | D21: GEA신용회원사전대상자내역 | E21: 신규고객여부 | F21: 신규카드발급2개월초과여부 | I21: VARCHAR2 | J21: 1 | L21: 확인중 | O21: TSMADLN19 | P21: String | Q21: 1 | R21: 신규기존여부 | S21: ○
A22: =IF(D21=D22,A21+1,1) -> 20 | B22: 1) 심사 대상 정보 (분석계) | C22: TBGEAA209 | D22: GEA신용회원사전대상자내역 | E22: 최근12개월카드론평잔 | F22: 최근12개월카드론평잔 | H22: N | I22: NUMBER | J22: 15 | L22: 확인중 | O22: TSMADLN19 | P22: Numeric | Q22: 15 | R22: 최근12개월카드론평잔 | S22: ○
A23: =IF(D22=D23,A22+1,1) -> 21 | B23: 1) 심사 대상 정보 (분석계) | C23: TBGEAA209 | D23: GEA신용회원사전대상자내역 | E23: 월가처분소득금액 | F23: 월가처분소득금액 | H23: N | I23: NUMBER | J23: 15 | L23: 확인중 | O23: TSMADLN19 | P23: Numeric | Q23: 15 | R23: 월가처분소득금액 | S23: ○
A24: =IF(D23=D24,A23+1,1) -> 22 | B24: 1) 심사 대상 정보 (분석계) | C24: TBGEAA209 | D24: GEA신용회원사전대상자내역 | E24: 등급별최대한도금액 | F24: 결합등급한도금액 | H24: N | I24: NUMBER | J24: 15 | L24: 확인중 | O24: TSMADLN19 | P24: Numeric | Q24: 15 | R24: 등급별최고한도 | S24: ○
A25: =IF(D24=D25,A24+1,1) -> 23 | B25: 1) 심사 대상 정보 (분석계) | C25: TBGEAA209 | D25: GEA신용회원사전대상자내역 | E25: 연령한도제한금액 | F25: 연령한도제한금액 | H25: N | I25: NUMBER | J25: 15 | L25: 확인중 | O25: TSMADLN19 | P25: Numeric | Q25: 15 | R25: 연령별한도 | S25: ○
A26: =IF(D25=D26,A25+1,1) -> 24 | B26: 1) 심사 대상 정보 (분석계) | C26: TBGEAA209 | D26: GEA신용회원사전대상자내역 | E26: 이용가능한도미사용금액 | F26: 이용가능한도미사용금액 | H26: N | I26: NUMBER | J26: 15 | L26: 확인중 | O26: TSMADLN19 | P26: Numeric | Q26: 15 | R26: 이용가능한도미사용금액 | S26: ○
A27: =IF(D26=D27,A26+1,1) -> 25 | B27: 1) 심사 대상 정보 (분석계) | C27: TBGEAA209 | D27: GEA신용회원사전대상자내역 | E27: CSM연소득금액 | F27: CSM연소득금액 | H27: N | I27: NUMBER | J27: 15 | L27: 확인중 | O27: TSMADLN19 | P27: Numeric | Q27: 15 | R27: CSM연소득금액 | S27: ○
A28: =IF(D27=D28,A27+1,1) -> 26 | B28: 1) 심사 대상 정보 (분석계) | C28: TBGEAA209 | D28: GEA신용회원사전대상자내역 | E28: 만기일시한도금액 | F28: 이지론일시상환한도금액 | H28: N | I28: NUMBER | J28: 15 | L28: 확인중 | O28: TSMADLN19 | P28: Numeric | Q28: 15 | R28: 만기일시한도 | S28: ○
A29: =IF(D28=D29,A28+1,1) -> 27 | B29: 1) 심사 대상 정보 (분석계) | C29: TBGEAA209 | D29: GEA신용회원사전대상자내역 | E29: 낙아웃구제대상여부 | F29: 이지누리론낙아웃구제대상여부 | I29: VARCHAR2 | J29: 1 | L29: 확인중 | O29: TSMADLN19 | P29: String | Q29: 1 | R29: 구제대상여부 | S29: ○
A30: =IF(D29=D30,A29+1,1) -> 28 | B30: 1) 심사 대상 정보 (분석계) | C30: TBGEAA209 | D30: GEA신용회원사전대상자내역 | E30: 이지론소액한도대상여부 | F30: 이지누리론소액한도대상여부 | I30: VARCHAR2 | J30: 1 | L30: 확인중 | O30: TSMADLN19 | P30: String | Q30: 1 | R30: 소액한도대상여부 | S30: ○
A31: =IF(D30=D31,A30+1,1) -> 29 | B31: 1) 심사 대상 정보 (분석계) | C31: TBGEAA209 | D31: GEA신용회원사전대상자내역 | E31: 이지론최장거치개월수 | F31: 이지론거치기간수 | H31: N | I31: NUMBER | J31: 5 | L31: 확인중 | O31: TSMADLN19 | P31: Numeric | Q31: 5 | R31: 최장거치개월수 | S31: ○
A32: =IF(D31=D32,A31+1,1) -> 30 | B32: 1) 심사 대상 정보 (분석계) | C32: TBGEAA209 | D32: GEA신용회원사전대상자내역 | E32: 이지론최장대출기간월수 | F32: 이지론분할상환대출기간수 | H32: N | I32: NUMBER | J32: 5 | L32: 확인중 | O32: TSMADLN19 | P32: Numeric | Q32: 5 | R32: 최장대출기간월수 | S32: ○
A33: =IF(D32=D33,A32+1,1) -> 31 | B33: 1) 심사 대상 정보 (분석계) | C33: TBGEAA209 | D33: GEA신용회원사전대상자내역 | E33: 일반대출인정기준년월 | F33: 이지론플러스대출자격유효년월 | I33: VARCHAR2 | J33: 6 | L33: 확인중 | O33: TSMADLN19 | P33: String | Q33: 6 | R33: 일반대출인정기준년월 | S33: ○
A34: =IF(D33=D34,A33+1,1) -> 32 | B34: 1) 심사 대상 정보 (분석계) | C34: TBGEAA209 | D34: GEA신용회원사전대상자내역 | E34: 일반대출인정금액 | F34: 이지론플러스이전한도금액 | H34: N | I34: NUMBER | J34: 15 | L34: 확인중 | O34: TSMADLN19 | P34: Numeric | Q34: 15 | R34: 일반대출인정금액 | S34: ○
A35: =IF(D34=D35,A34+1,1) -> 33 | B35: 1) 심사 대상 정보 (분석계) | C35: TBGEAA209 | D35: GEA신용회원사전대상자내역 | E35: TM적용한도금액 | F35: 이지론증액한도금액 | H35: N | I35: NUMBER | J35: 15 | L35: 확인중 | O35: TSMADLN19 | P35: Numeric | Q35: 15 | R35: TM적용한도 | S35: ○
A36: =IF(D35=D36,A35+1,1) -> 34 | B36: 1) 심사 대상 정보 (분석계) | C36: TBGEAA209 | D36: GEA신용회원사전대상자내역 | E36: 신용BSS산정대상구분코드 | F36: 신용BSS산정대상구분코드 | I36: VARCHAR2 | J36: 3 | L36: 확인중 | O36: TSMADLN19 | P36: String | Q36: 3 | R36: 신용BSS산정대상구분 | S36: ○
A37: =IF(D36=D37,A36+1,1) -> 35 | B37: 1) 심사 대상 정보 (분석계) | C37: TBGEAA209 | D37: GEA신용회원사전대상자내역 | E37: 통합카드BSS모형구분코드 | F37: 통합카드BSS모형구분코드 | I37: VARCHAR2 | J37: 2 | L37: 확인중 | O37: TSMADLN19 | P37: String | Q37: 2 | R37: 신용BSS모형구분 | S37: ○
A38: =IF(D37=D38,A37+1,1) -> 36 | B38: 1) 심사 대상 정보 (분석계) | C38: TBGEAA209 | D38: GEA신용회원사전대상자내역 | E38: 신용카드BSS평가점수 | F38: 신용카드BSS평가점수 | H38: N | I38: NUMBER | J38: 5 | L38: 확인중 | O38: TSMADLN19 | P38: Numeric | Q38: 5 | R38: 신용BSS평점 | S38: ○
A39: =IF(D38=D39,A38+1,1) -> 37 | B39: 1) 심사 대상 정보 (분석계) | C39: TBGEAA209 | D39: GEA신용회원사전대상자내역 | E39: 신용BSS등급구분코드 | F39: 신용BSS등급구분코드 | I39: VARCHAR2 | J39: 2 | L39: 확인중 | O39: TSMADLN19 | P39: String | Q39: 2 | R39: 신용BSS등급 | S39: ○
A40: =IF(D39=D40,A39+1,1) -> 38 | B40: 1) 심사 대상 정보 (분석계) | C40: TBGEAA209 | D40: GEA신용회원사전대상자내역 | E40: 카드론신규모형구분코드 | F40: 카드론신규모형구분코드 | I40: VARCHAR2 | J40: 2 | L40: 확인중 | O40: TSMADLN19 | P40: String | Q40: 2 | R40: 카드론신규모형구분 | S40: ○
A41: =IF(D40=D41,A40+1,1) -> 39 | B41: 1) 심사 대상 정보 (분석계) | C41: TBGEAA209 | D41: GEA신용회원사전대상자내역 | E41: 카드론신규등급구분코드 | F41: 카드론신규등급구분코드 | I41: VARCHAR2 | J41: 2 | L41: 확인중 | O41: TSMADLN19 | P41: String | Q41: 2 | R41: 카드론신규등급 | S41: ○
A42: =IF(D41=D42,A41+1,1) -> 40 | B42: 1) 심사 대상 정보 (분석계) | C42: TBGEAA209 | D42: GEA신용회원사전대상자내역 | E42: 이지론금리등급구분코드 | F42: 이지론금리등급구분코드 | I42: VARCHAR2 | J42: 2 | L42: 확인중 | O42: TSMADLN19 | P42: String | Q42: 2 | R42: 이지론금리등급구분 | S42: ○
A43: =IF(D42=D43,A42+1,1) -> 41 | B43: 1) 심사 대상 정보 (분석계) | C43: TBGEAA209 | D43: GEA신용회원사전대상자내역 | E43: 대출수요우대조정금액 | F43: 대출수요우대조정금액 | H43: N | I43: NUMBER | J43: 15 | L43: 확인중 | O43: TSMADLN19 | P43: Numeric | Q43: 15 | R43: 대출수요우대조정금액 | S43: ○
A44: =IF(D43=D44,A43+1,1) -> 42 | B44: 1) 심사 대상 정보 (분석계) | C44: TBGEAA209 | D44: GEA신용회원사전대상자내역 | E44: 카드론잔액보유경험조정금액 | F44: 카드론한도조정금액 | H44: N | I44: NUMBER | J44: 15 | L44: 확인중 | O44: TSMADLN19 | P44: Numeric | Q44: 15 | R44: 카드론잔액보유경험조정금액 | S44: ○
A45: =IF(D44=D45,A44+1,1) -> 43 | B45: 1) 심사 대상 정보 (분석계) | C45: TBGEAA209 | D45: GEA신용회원사전대상자내역 | E45: 등급최대한도조정금액 | F45: 신용등급최대한도조정금액 | H45: N | I45: NUMBER | J45: 15 | L45: 확인중 | O45: TSMADLN19 | P45: Numeric | Q45: 15 | R45: 등급최고한도조정금액 | S45: ○
A46: =IF(D45=D46,A45+1,1) -> 44 | B46: 1) 심사 대상 정보 (분석계) | C46: TBGEAA209 | D46: GEA신용회원사전대상자내역 | E46: 등급최대한도기초금액 | F46: 신용등급최대한도기초금액 | H46: N | I46: NUMBER | J46: 15 | L46: 확인중 | O46: TSMADLN19 | P46: Numeric | Q46: 15 | R46: 등급최고한도기초금액 | S46: ○
A47: =IF(D46=D47,A46+1,1) -> 45 | B47: 1) 심사 대상 정보 (분석계) | C47: TBGEAA209 | D47: GEA신용회원사전대상자내역 | E47: 인구통계조정금액 | F47: 인구통계조정금액 | H47: N | I47: NUMBER | J47: 15 | L47: 확인중 | O47: TSMADLN19 | P47: Numeric | Q47: 15 | R47: 인구통계조정금액 | S47: ○
A48: =IF(D47=D48,A47+1,1) -> 46 | B48: 1) 심사 대상 정보 (분석계) | C48: TBGEAA209 | D48: GEA신용회원사전대상자내역 | E48: 회원세그먼트구분코드 | F48: 회원세그먼트구분코드 | I48: VARCHAR2 | J48: 2 | L48: 확인중 | O48: TSMADLN19 | P48: String | Q48: 2 | R48: 회원세그먼트구분 | S48: ○
A49: =IF(D48=D49,A48+1,1) -> 47 | B49: 1) 심사 대상 정보 (분석계) | C49: TBGEAA209 | D49: GEA신용회원사전대상자내역 | E49: 다중채무대상여부 | F49: 다중채무대상여부 | I49: VARCHAR2 | J49: 1 | L49: 확인중 | O49: TSMADLN19 | P49: String | Q49: 1 | R49: 다중채무자여부 | S49: ○
A50: =IF(D49=D50,A49+1,1) -> 48 | B50: 1) 심사 대상 정보 (분석계) | C50: TBGEAA209 | D50: GEA신용회원사전대상자내역 | E50: 다중채무자그룹구분코드 | F50: 다중채무자그룹구분코드 | I50: VARCHAR2 | J50: 2 | L50: 확인중 | O50: TSMADLN19 | P50: String | Q50: 2 | R50: 다중채무자그룹구분 | S50: ○
A51: =IF(D50=D51,A50+1,1) -> 49 | B51: 1) 심사 대상 정보 (분석계) | C51: TBGEAA209 | D51: GEA신용회원사전대상자내역 | E51: KCB사업자여부 | F51: KCB사업자여부 | I51: VARCHAR2 | J51: 1 | L51: 확인중 | O51: TSMADLN19 | P51: String | Q51: 1 | R51: KCB사업자여부 | S51: ○
A52: =IF(D51=D52,A51+1,1) -> 50 | B52: 1) 심사 대상 정보 (분석계) | C52: TBGEAA209 | D52: GEA신용회원사전대상자내역 | E52: 리스크세그먼트4그룹코드 | F52: 리스크세그먼트4그룹코드 | I52: VARCHAR2 | J52: 2 | L52: 확인중 | O52: TSMADLN19 | P52: String | Q52: 2 | R52: 리스크세그먼트4그룹구분 | S52: ○
A53: =IF(D52=D53,A52+1,1) -> 51 | B53: 1) 심사 대상 정보 (분석계) | C53: TBGEAA209 | D53: GEA신용회원사전대상자내역 | E53: DSR가이드금액 | F53: DSR가이드금액 | H53: N | I53: NUMBER | J53: 15 | L53: 확인중 | O53: TSMADLN19 | P53: Numeric | Q53: 15 | R53: DSR가이드금액 | S53: ○
A54: 추가 | B54: 1) 심사 대상 정보 (분석계) | C54: TBGEAA209 | D54: GEA신용회원사전대상자내역 | E54: N3개월전CB신용등급코드 | F54: N3개월전KCB신용등급코드 | I54: VARCHAR2 | J54: 4 | O54: TSMADLN19 | P54: String | Q54: 4 | R54: N3개월전CB신용등급코드 | S54: ○
A55: 추가 | B55: 1) 심사 대상 정보 (분석계) | C55: TBGEAA209 | D55: GEA신용회원사전대상자내역 | E55: N3개월전신용BSS등급 | F55: N3개월전신용BSS등급구분코드 | I55: VARCHAR2 | J55: 2 | O55: TSMADLN19 | P55: String | Q55: 2 | R55: N3개월전신용BSS등급 | S55: ○
A56: 추가 | B56: 1) 심사 대상 정보 (분석계) | C56: TBGEAA209 | D56: GEA신용회원사전대상자내역 | E56: 지역보유구분 | F56: 심사우대대상지역여부 | I56: VARCHAR2 | J56: 1 | O56: TSMADLN19 | P56: String | Q56: 1 | R56: 지역보유구분 | S56: ○
A57: 추가 | B57: 1) 심사 대상 정보 (분석계) | C57: TBGEAA209 | D57: GEA신용회원사전대상자내역 | E57: 소유실거래가합계 | F57: 보유부동산실거래가합계금액 | I57: NUMBER | J57: 15 | O57: TSMADLN19 | P57: Numeric | Q57: 15 | R57: 소유실거래가합계 | S57: ○
A58: 추가 | B58: 1) 심사 대상 정보 (분석계) | C58: TBGEAA209 | D58: GEA신용회원사전대상자내역 | E58: 소유건축물건수 | F58: 부동산보유건수 | I58: VARCHAR2 | J58: 5 | O58: TSMADLN19 | P58: String | Q58: 5 | R58: 소유건축물건수 | S58: ○
A59: 추가 | B59: 1) 심사 대상 정보 (분석계) | C59: TBGEAA209 | D59: GEA신용회원사전대상자내역 | E59: 서울부동산건수 | F59: 서울지역부동산보유건수 | I59: VARCHAR2 | J59: 5 | O59: TSMADLN19 | P59: String | Q59: 5 | R59: 서울부동산건수 | S59: ○
A60: 추가 | B60: 1) 심사 대상 정보 (분석계) | C60: TBGEAA209 | D60: GEA신용회원사전대상자내역 | E60: 경기도부동산건수 | F60: 경기도지역부동산보유건수 | I60: VARCHAR2 | J60: 5 | O60: TSMADLN19 | P60: String | Q60: 5 | R60: 경기도부동산건수 | S60: ○
A61: 추가 | B61: 1) 심사 대상 정보 (분석계) | C61: TBGEAA209 | D61: GEA신용회원사전대상자내역 | E61: 광역시부동산건수 | F61: 광역시도지역부동산보유건수 | I61: VARCHAR2 | J61: 5 | O61: TSMADLN19 | P61: String | Q61: 5 | R61: 광역시부동산건수 | S61: ○
A62: 추가 | B62: 1) 심사 대상 정보 (분석계) | C62: TBGEAA209 | D62: GEA신용회원사전대상자내역 | E62: 세종시부동산건수 | F62: 세종시지역부동산보유건수 | I62: VARCHAR2 | J62: 5 | O62: TSMADLN19 | P62: String | Q62: 5 | R62: 세종시부동산건수 | S62: ○
A63: 추가 | B63: 1) 심사 대상 정보 (분석계) | C63: TBGEAA209 | D63: GEA신용회원사전대상자내역 | E63: 제주도부동산건수 | F63: 제주지역부동산보유건수 | I63: VARCHAR2 | J63: 5 | O63: TSMADLN19 | P63: String | Q63: 5 | R63: 제주도부동산건수 | S63: ○
A64: 추가 | B64: 1) 심사 대상 정보 (분석계) | C64: TBGEAA209 | D64: GEA신용회원사전대상자내역 | E64: 기타부동산건수 | F64: 기타지역부동산보유건수 | I64: VARCHAR2 | J64: 5 | O64: TSMADLN19 | P64: String | Q64: 5 | R64: 기타부동산건수 | S64: ○
A65: 추가 | B65: 1) 심사 대상 정보 (분석계) | C65: TBGEAA209 | D65: GEA신용회원사전대상자내역 | E65: 자가가압류여부 | F65: 자택가압류여부 | I65: VARCHAR2 | J65: 1 | O65: TSMADLN19 | P65: String | Q65: 1 | R65: 자가가압류여부 | S65: ○
... A79: 추가 | B79: 1) 심사 대상 정보 (분석계) | C79: TBGEAA209 | D79: GEA신용회원사전대상자내역 | E79: 주택자금대출보유금액 | F79: 주택담보대출잔액 | I79: NUMBER | J79: 15 | O79: TSMADLN19 | P79: Numeric | Q79: 15 | R79: 주택자금대출보유금액 | S79: ○
A80: 추가 | B80: 1) 심사 대상 정보 (분석계) | C80: TBGEAA209 | D80: GEA신용회원사전대상자내역 | E80: 총한도소진율 | F80: 신용카드총한도소진율 | I80: NUMBER | J80: 9 | K80: 5 | O80: TSMADLN19 | P80: Numeric | Q80: 9.5 | R80: 총한도소진율 | S80: ○
A81: 추가 | B81: 1) 심사 대상 정보 (분석계) | C81: TBGEAA209 | D81: GEA신용회원사전대상자내역 | E81: 최근12개월잔액보유여부 | F81: 최근12개월카드론잔액보유여부 | I81: VARCHAR2 | J81: 1 | O81: TSMADLN19 | P81: String | Q81: 1 | R81: 최근12개월잔액보유여부 | S81: ○
A82: 추가 | B82: 1) 심사 대상 정보 (분석계) | C82: TBGEAA209 | D82: GEA신용회원사전대상자내역 | E82: 최종가맹점등급 | F82: 가맹점등급구분코드 | I82: VARCHAR2 | J82: 2 | O82: TSMADLN19 | P82: String | Q82: 2 | R82: 최종가맹점등급 | S82: ○
A83: 추가 | B83: 1) 심사 대상 정보 (분석계) | C83: TBGEAA209 | D83: GEA신용회원사전대상자내역 | E83: 카드론잔액 | F83: 카드론잔액 | I83: NUMBER | J83: 15 | O83: TSMADLN19 | P83: Numeric | Q83: 15 | R83: 카드론잔액 | S83: ○
A84: 추가 | B84: 1) 심사 대상 정보 (분석계) | C84: TBGEAA209 | D84: GEA신용회원사전대상자내역 | E84: 카드론중복이용고객여부 | F84: 카드론초과이용고객여부 | I84: VARCHAR2 | J84: 1 | O84: TSMADLN19 | P84: String | Q84: 1 | R84: 카드론중복이용고객여부 | S84: ○
A85: 추가 | B85: 1) 심사 대상 정보 (분석계) | C85: TBGEAA209 | D85: GEA신용회원사전대상자내역 | E85: 통합한도 | F85: 통합한도금액 | I85: NUMBER | J85: 15 | O85: TSMADLN19 | P85: Numeric | Q85: 15 | R85: 통합한도 | S85: ○
A86: 추가 | B86: 1) 심사 대상 정보 (분석계) | C86: TBGEAA209 | D86: GEA신용회원사전대상자내역 | E86: 특수채권여부 | F86: 특수채권잔액보유여부 | I86: VARCHAR2 | J86: 1 | O86: TSMADLN19 | P86: String | Q86: 1 | R86: 특수채권여부 | S86: ○
A87: 추가 | B87: 1) 심사 대상 정보 (분석계) | C87: TBGEAA209 | D87: GEA신용회원사전대상자내역 | E87: 페이플랜이월금액 | F87: 이월리볼빙금액 | I87: NUMBER | J87: 15 | O87: TSMADLN19 | P87: Numeric | Q87: 15 | R87: 페이플랜이월금액 | S87: ○
A88: 추가 | B88: 1) 심사 대상 정보 (분석계) | C88: TBGEAA209 | D88: GEA신용회원사전대상자내역 | E88: 한신정주거우량여부 | F88: NICE주거우량여부 | I88: VARCHAR2 | J88: 1 | O88: TSMADLN19 | P88: String | Q88: 1 | R88: 한신정주거우량여부 | S88: ○
A89: 추가 | B89: 1) 심사 대상 정보 (분석계) | C89: TBGEAA209 | D89: GEA신용회원사전대상자내역 | E89: 한신정직업우량여부 | F89: NICE직업우량여부 | I89: VARCHAR2 | J89: 1 | O89: TSMADLN19 | P89: String | Q89: 1 | R89: 한신정직업우량여부 | S89: ○
A90: 추가 | B90: 1) 심사 대상 정보 (분석계) | C90: TBGEAA209 | D90: GEA신용회원사전대상자내역 | E90: 현금서비스잔액 | F90: CA잔액 | I90: NUMBER | J90: 15 | O90: TSMADLN19 | P90: Numeric | Q90: 15 | R90: 현금서비스잔액 | S90: ○
A91: 추가 | B91: 1) 심사 대상 정보 (분석계) | C91: TBGEAA209 | D91: GEA신용회원사전대상자내역 | E91: 현금서비스한도 | F91: 당사CA한도금액 | I91: NUMBER | J91: 15 | O91: TSMADLN19 | P91: Numeric | Q91: 15 | R91: 현금서비스한도 | S91: ○
A92: 추가 | B92: 1) 심사 대상 정보 (분석계) | C92: TBGEAA209 | D92: GEA신용회원사전대상자내역 | E92: 금리기여도등급 | F92: 카드론신규금리기여도등급 | I92: VARCHAR2 | J92: 3 | O92: TSMADLN19 | P92: String | Q92: 3 | R92: 금리기여도등급 | S92: ○
... A105: 추가 | B105: 1) 심사 대상 정보 (분석계) | C105: TBGEAA209 | D105: GEA신용회원사전대상자내역 | E105: 통합모형KCB평점 | F105: 통합모형KCB평점 | I105: NUMBER | J105: 15 | O105: TSMADLN19 | P105: Numeric | Q105: 15 | R105: 통합모형KCB평점 | S105: ○
A106: =IF(D53=D106,A53+1,1) -> 52 | B106: 1) 심사 대상 정보 (분석계) | C106: TBGEAA209 | D106: GEA신용회원사전대상자내역 | E106: 프리미엄론대출금리 | F106: 프리미엄론대출금리 | H106: N | I106: NUMBER | J106: 9 | K106: 5 | L106: 확인중 | O106: TSMADLG19 | P106: Numeric | Q106: 9.5 | R106: 대출이율 | S106: ○
A107: =IF(D106=D107,A106+1,1) -> 53 | B107: 1) 심사 대상 정보 (분석계) | C107: TBGEAA209 | D107: GEA신용회원사전대상자내역 | E107: 우량회원여부 | F107: 우량회원여부 | I107: VARCHAR2 | J107: 1 | L107: 확인중 | O107: TSMADLG19 | P107: String | Q107: 1 | R107: 우량회원포함여부 | S107: ○
A108: =IF(D107=D108,A107+1,1) -> 54 | B108: 1) 심사 대상 정보 (분석계) | C108: TBGEAA209 | D108: GEA신용회원사전대상자내역 | E108: 신용우수여부 | F108: 프리미엄론신용우수여부 | I108: VARCHAR2 | J108: 1 | L108: 확인중 | O108: TSMADLG19 | P108: String | Q108: 1 | R108: 신용우수여부 | S108: ○
A109: =IF(D108=D109,A108+1,1) -> 55 | B109: 1) 심사 대상 정보 (분석계) | C109: TBGEAA209 | D109: GEA신용회원사전대상자내역 | E109: 프리미엄론1그룹한도금액 | F109: 프리미엄론한도금액 | H109: N | I109: NUMBER | J109: 15 | L109: 확인중 | O109: TSMADLG19 | P109: Numeric | Q109: 15 | R109: 우량직장인론그룹1한도 | S109: ○
A110: =IF(D109=D110,A109+1,1) -> 56 | B110: 1) 심사 대상 정보 (분석계) | C110: TBGEAA209 | D110: GEA신용회원사전대상자내역 | E110: 프리미엄론만기일시한도금액 | F110: 프리미엄론일시상환한도금액 | H110: N | I110: NUMBER | J110: 15 | L110: 확인중 | O110: TSMADLG19 | P110: Numeric | Q110: 15 | R110: 프리미엄론만기일시한도 | S110: ○
A111: =IF(D110=D111,A110+1,1) -> 57 | B111: 1) 심사 대상 정보 (분석계) | C111: TBGEAA209 | D111: GEA신용회원사전대상자내역 | E111: 프리미엄론이율등급구분코드 | F111: 프리미엄론금리등급구분코드 | I111: VARCHAR2 | J111: 2 | L111: 확인중 | O111: TSMADLG19 | P111: String | Q111: 2 | R111: 우량직장인론이율등급구분 | S111: ○
A112: =IF(D111=D112,A111+1,1) -> 58 | B112: 1) 심사 대상 정보 (분석계) | C112: TBGEAA209 | D112: GEA신용회원사전대상자내역 | E112: 프리미엄론최장대출기간개월수 | F112: 프리미엄론분할상환기간수 | H112: N | I112: NUMBER | J112: 5 | L112: 확인중 | O112: TSMADLG19 | P112: Numeric | Q112: 5 | R112: 최장대출기간월수 | S112: ○
A113: =IF(D112=D113,A112+1,1) -> 59 | B113: 1) 심사 대상 정보 (분석계) | C113: TBGEAA209 | D113: GEA신용회원사전대상자내역 | E113: 파일롯대상여부 | F113: 프리미엄론파일롯대상여부 | I113: VARCHAR2 | J113: 2 | L113: 확인중 | O113: TSMADLG19 | P113: String | Q113: 2 | R113: 파일롯대상여부(TSMADLG19 생성필요) | S113: ○
A114: =IF(D113=D114,A113+1,1) -> 60 | B114: 1) 심사 대상 정보 (분석계) | C114: TBGEAA209 | D114: GEA신용회원사전대상자내역 | E114: 우수가맹점여부 | F114: 마이비즈론우수가맹점여부 | I114: VARCHAR2 | J114: 1 | L114: 확인중 | O114: TSMADLA19 | P114: String | Q114: 1 | R114: 우수가맹점여부 | S114: ○
A115: =IF(D114=D115,A114+1,1) -> 61 | B115: 1) 심사 대상 정보 (분석계) | C115: TBGEAA209 | D115: GEA신용회원사전대상자내역 | E115: 우수사업자여부 | F115: 마이비즈론우수사업자여부 | I115: VARCHAR2 | J115: 1 | L115: 확인중 | O115: TSMADLA19 | P115: String | Q115: 1 | R115: 우수사업자여부 | S115: ○
A116: =IF(D115=D116,A115+1,1) -> 62 | B116: 1) 심사 대상 정보 (분석계) | C116: TBGEAA209 | D116: GEA신용회원사전대상자내역 | E116: 가맹점론한도금액 | F116: 마이비즈론한도금액 | H116: N | I116: NUMBER | J116: 15 | L116: 확인중 | O116: TSMADLA19 | P116: Numeric | Q116: 15 | R116: 가맹점론한도 | S116: ○
A117: =IF(D116=D117,A116+1,1) -> 63 | B117: 1) 심사 대상 정보 (분석계) | C117: TBGEAA209 | D117: GEA신용회원사전대상자내역 | E117: 가맹점론만기일시한도금액 | F117: 마이비즈론일시상환한도금액 | H117: N | I117: NUMBER | J117: 15 | L117: 확인중 | O117: TSMADLA19 | P117: Numeric | Q117: 15 | R117: 가맹점론만기일시한도 | S117: ○
A118: =IF(D117=D118,A117+1,1) -> 64 | B118: 1) 심사 대상 정보 (분석계) | C118: TBGEAA209 | D118: GEA신용회원사전대상자내역 | E118: 가맹점론금리등급구분코드 | F118: 마이비즈론금리등급구분코드 | I118: VARCHAR2 | J118: 2 | L118: 확인중 | O118: TSMADLA19 | P118: String | Q118: 2 | R118: 가맹점론금리등급 | S118: ○
A119: =IF(D118=D119,A118+1,1) -> 65 | B119: 1) 심사 대상 정보 (분석계) | C119: TBGEAA209 | D119: GEA신용회원사전대상자내역 | E119: 가맹점론최장대출기간월수 | F119: 마이비즈론분할상환대출기간수 | H119: N | I119: NUMBER | J119: 5 | L119: 확인중 | O119: TSMADLA19 | P119: Numeric | Q119: 5 | R119: 최장대출기간월수 | S119: ○
A120: =IF(D119=D120,A119+1,1) -> 66 | B120: 1) 심사 대상 정보 (분석계) | C120: TBGEAA209 | D120: GEA신용회원사전대상자내역 | E120: 마이비즈론대출금리 | F120: 마이비즈론대출금리 | H120: N | I120: NUMBER | J120: 9 | K120: 5 | L120: 확인중 | O120: TSMADLA19 | P120: Numeric | Q120: 9.5 | R120: 대출이율 | S120: ○
A121: 추가 | B121: 1) 심사 대상 정보 (분석계) | C121: TBGEAA209 | D121: GEA신용회원사전대상자내역 | E121: 우수제외업종여부 | F121: 우대대상제외업종여부 | I121: VARCHAR2 | J121: 1 | O121: TSMADLA19 | P121: String | Q121: 1 | R121: 우수제외업종여부 | S121: ○
A122: 추가 | B122: 1) 심사 대상 정보 (분석계) | C122: TBGEAA209 | D122: GEA신용회원사전대상자내역 | E122: 최종가입년월일 | F122: 당사가맹점최종가입년월일 | I122: VARCHAR2 | J122: 8 | O122: TSMADLA19 | P122: String | Q122: 8 | R122: 최종가입년월일 | S122: ○
A123: 추가 | B123: 1) 심사 대상 정보 (분석계) | C123: TBGEAA209 | D123: GEA신용회원사전대상자내역 | E123: 설립년월일 | F123: 설립년월일 | I123: VARCHAR2 | J123: 8 | O123: TSMADLA19 | P123: String | Q123: 8 | R123: 설립년월일 | S123: ○
A124: 추가 | B124: 1) 심사 대상 정보 (분석계) | C124: TBGEAA209 | D124: GEA신용회원사전대상자내역 | E124: 불량업주여부 | F124: 이지론제외대상불량가맹점주여부 | I124: VARCHAR2 | J124: 1 | O124: TSMADLA19 | P124: String | Q124: 1 | R124: 불량업주여부 | S124: ○
A125: 추가 | B125: 1) 심사 대상 정보 (분석계) | C125: TBGEAA209 | D125: GEA신용회원사전대상자내역 | E125: 최근1년매출금액 | F125: 최근1년당사가맹점매출금액 | I125: NUMBER | J125: 15 | O125: TSMADLA19 | P125: Numeric | Q125: 15 | R125: 최근1년매출금액 | S125: ○
...

Sheet RCLIPS송신(이지론)_최종
A1: Seq | B1: RCLIPS코드 | C1: 속성 | D1: 길이 | E1: R클립스_항목명 | F1: 구분 | G1: R클립스_비고 | H1: 원천정보그룹 | I1: 원천정보(원본) | J1: MDD_호출CPBI/EBI | K1: MDD_항목명 | L1: CB사 항목코드 | M1: CB사 전문번호 | N1: BITMAP | O1: 변경구분 | P1: 비고2(개발팀) | Q1: 필수입력
A2: =ROW()-1 -> 1 | B2: PKG_ID | C2: String | D2: 20 | E2: Online_C9_ASS
A3: =ROW()-1 -> 2 | B3: CNT | C3: Numeric | D3: 3 | E3: 제공항목건수 | G3: 항목코드5+항목값15
A4: =ROW()-1 -> 3 | B4: A1000 | C4: String | D4: 14 | E4: 접수번호 | F4: 제공항목 | H4: 내부정보 | I4: GEA심사사전정보내역 | J4: i카드론대출RCLIPS전문조립C | K4: 카드론신청서접수번호
A5: =ROW()-1 -> 4 | B5: A1001 | C5: String | D5: 2 | E5: 상품코드 | F5: 제공항목 | H5: 내부정보 | I5: GEA심사사전정보내역 | J5: i카드론대출RCLIPS전문조립C | K5: 카드론평가상품구분코드
A6: =ROW()-1 -> 5 | B6: A1004 | C6: Numeric | D6: 5 | E6: 연령 | F6: 제공항목 | H6: 내부정보 | I6: GEA심사사전정보내역 | J6: i카드론대출RCLIPS전문조립C | K6: 주민등록번호 | O6: 삭제
A7: =ROW()-1 -> 6 | B7: A1005 | C7: String | D7: 1 | E7: 외국인여부 | F7: 제공항목 | H7: 내부정보 | I7: GEA심사사전정보내역 | J7: 심사사전정보내역조회C > GEA심사사전정보내역 | K7: 고객고유번호구분코드 | O7: 삭제
A8: =ROW()-1 -> 7 | B8: A2000 | C8: Numeric | D8: 15 | E8: 중고차대출잔액 | F8: 제공항목 | G8: [r고객별상품별잔액조회C].[중고차오토론잔액_N18] | H8: 내부정보 | I8: GEA심사사전정보내역 | J8: 심사사전정보내역조회C > 현재일자기준대출심사모형사전조회 | K8: 중고차대출잔액 | O8: 추가 | P8: 20190514 추가 (유지수D,이관용C 메신저협의완료 - 현업문서에는 미존재함)
A9: =ROW()-1 -> 8 | B9: A2001 | C9: String | D9: 1 | E9: 여신연체고객(KB 국민은행정보) | F9: 제공항목 | G9: 103 | H9: 내부정보 | I9: GEA심사사전정보내역 | J9: 심사사전정보내역조회C > 현재일자기준대출심사모형사전조회 | K9: IF (불가사유코드_V3 = 103) THEN 0 ELSE 1 END
A10: =ROW()-1 -> 9 | B10: A2002 | C10: String | D10: 1 | E10: 신용카드 거래정지 등록고객 | F10: 제공항목 | G10: 006 | H10: 내부정보 | I10: GEA심사사전정보내역 | J10: 심사사전정보내역조회C > 현재일자기준대출심사모형사전조회 | K10: IF (불가사유코드_V3 = 006) THEN 0 ELSE 1 END
A11: =ROW()-1 -> 10 | B11: A2003 | C11: String | D11: 1 | E11: 신용관리대상 및 당행정보관리 등재고객(KB 국민은행 정보) | F11: 제공항목 | G11: 014 | H11: 내부정보 | I11: GEA심사사전정보내역 | J11: 심사사전정보내역조회C > 현재일자기준대출심사모형사전조회 | K11: IF (불가사유코드_V3 = 014) THEN 0 ELSE 1 END
A12: =ROW()-1 -> 11 | B12: X | C12: String | D12: 1 | E12: NICE 타사연체정보 보유고객(신용정보) | F12: 제공항목 | H12: 내부정보 | I12: GEA심사사전정보내역 | J12: #N/A | K12: #N/A | O12: 삭제 | P12: 20190325이전기삭제됨
A13: =ROW()-1 -> 12 | B13: X | C13: String | D13: 1 | E13: KCB 타사연체정보 보유고객(신용정보) | F13: 제공항목 | H13: 내부정보 | I13: GEA심사사전정보내역 | J13: #N/A | K13: #N/A | O13: 삭제 | P13: 20190325이전기삭제됨
A14: =ROW()-1 -> 13 | B14: A2006 | C14: String | D14: 1 | E14: 사망실종 고객(고객정보) | F14: 제공항목 | G14: 001 | H14: 내부정보 | I14: GEA심사사전정보내역 | J14: 심사사전정보내역조회C > 현재일자기준대출심사모형사전조회 | K14: IF (불가사유코드_V3 = 001) THEN 0 ELSE 1 END
A15: =ROW()-1 -> 14 | B15: A2007 | C15: String | D15: 1 | E15: 거래주의보정보 등록고객(고객정보) | F15: 제공항목 | G15: 003 | H15: 내부정보 | I15: GEA심사사전정보내역 | J15: 심사사전정보내역조회C > 현재일자기준대출심사모형사전조회 | K15: IF (불가사유코드_V3 = 003) THEN 0 ELSE 1 END
A16: =ROW()-1 -> 15 | B16: A2008 | C16: String | D16: 1 | E16: 워크아웃 등록고객 | F16: 제공항목 | G16: 005 | H16: 내부정보 | I16: GEA심사사전정보내역 | J16: 심사사전정보내역조회C > 현재일자기준대출심사모형사전조회 | K16: IF (불가사유코드_V3 = 005) THEN 0 ELSE 1 END
A17: =ROW()-1 -> 16 | B17: A2009 | C17: String | D17: 1 | E17: 장기카드대출 연체고객 | F17: 제공항목 | G17: 008 | H17: 내부정보 | I17: GEA심사사전정보내역 | J17: 심사사전정보내역조회C > 현재일자기준대출심사모형사전조회 | K17: IF (불가사유코드_V3 = 008) THEN 0 ELSE 1 END
A18: =ROW()-1 -> 17 | B18: A2010 | C18: String | D18: 1 | E18: 요주의 등록고객(신용정보) | F18: 제공항목 | G18: 009 | H18: 내부정보 | I18: GEA심사사전정보내역 | J18: 심사사전정보내역조회C > 현재일자기준대출심사모형사전조회 | K18: IF (불가사유코드_V3 = 009) THEN 0 ELSE 1 END
A19: =ROW()-1 -> 18 | B19: A2011 | C19: String | D19: 1 | E19: 신용불량 채무관계제한 등록고객(신용정보) | F19: 제공항목 | G19: 010 | H19: 내부정보 | I19: GEA심사사전정보내역 | J19: 심사사전정보내역조회C > 현재일자기준대출심사모형사전조회 | K19: IF (불가사유코드_V3 = 010) THEN 0 ELSE 1 END
A20: =ROW()-1 -> 19 | B20: A2012 | C20: String | D20: 1 | E20: 은행 사전채무조정 신청자 및 확정자 등록고객(KB 국민은행 정보) | F20: 제공항목 | G20: 015 | H20: 내부정보 | I20: GEA심사사전정보내역 | J20: 심사사전정보내역조회C > 현재일자기준대출심사모형사전조회 | K20: IF (불가사유코드_V3 = 015) THEN 0 ELSE 1 END
A21: =ROW()-1 -> 20 | B21: A2013 | C21: String | D21: 1 | E21: 고객기본정보 구분코드 오류(고객정보) | F21: 제공항목 | G21: 016 | H21: 내부정보 | I21: GEA심사사전정보내역 | J21: 심사사전정보내역조회C > 현재일자기준대출심사모형사전조회 | K21: IF (불가사유코드_V3 = 016) THEN 0 ELSE 1 END
A22: =ROW()-1 -> 21 | B22: A2014 | C22: Numeric | D22: 15 | E22: 카드론대출잔액 | F22: 제공항목 | G22: GEA카드론계약기본대출잔액조회 | H22: 내부정보 | I22: GEA심사사전정보내역 | J22: 심사사전정보내역조회C > 현재일자기준대출심사모형사전조회 | K22: 카드론대출잔액
A23: =ROW()-1 -> 22 | B23: A2015 | C23: Numeric | D23: 15 | E23: 오토론대출잔액 | F23: 제공항목 | G23: [rGEA카드론계약기본대출잔액조회E].[오토론대출잔액] + [r고객별상품별잔액조회C].[신차오토론잔액_N18] | H23: 내부정보 | I23: GEA심사사전정보내역 | J23: 심사사전정보내역조회C > 현재일자기준대출심사모형사전조회 | K23: 오토론대출잔액
A24: =ROW()-1 -> 23 | B24: A2016 | C24: Numeric | D24: 15 | E24: 신용대출잔액 | F24: 제공항목 | G24: GEA카드론계약기본대출잔액조회 | H24: 내부정보 | I24: GEA심사사전정보내역 | J24: 심사사전정보내역조회C > 현재일자기준대출심사모형사전조회 | K24: 신용대출잔액
A25: =ROW()-1 -> 24 | B25: A2017 | C25: Numeric | D25: 15 | E25: 대환론대출잔액 | F25: 제공항목 | G25: GEA카드론계약기본대출잔액조회 | H25: 내부정보 | I25: GEA심사사전정보내역 | J25: 심사사전정보내역조회C > 현재일자기준대출심사모형사전조회 | K25: 대환론대출잔액
... A27: =ROW()-1 -> 26 | B27: A2019 | C27: Numeric | D27: 15 | E27: 당사 신용카드 잔액 | F27: 제공항목 | G27: --> | H27: 내부정보 | I27: GEA심사사전정보내역 | J27: 심사사전정보내역조회C > 현재일자기준대출심사모형사전조회 | K27: 당사신용카드잔액 [bd당사신용카드잔액] = [r심사사전정보내역조회C].[현재일자기준대출심사모형사전조회출력Dto].[LS연체원금_N15] + [r심사사전정보내역조회C].[현재일자기준대출심사모형사전조회출력Dto].[LS청구원금_N15] + [r심사사전정보내역조회C].[현재일자기준대출심사모형사전조회출력Dto].[IS연체원금_N15] + [r심사사전정보내역조회C].[현재일자기준대출심사모형사전조회출력Dto].[IS미청구원금_N15] + [r심사사전정보내역조회C].[현재일자기준대출심사모형사전조회출력Dto].[CA연체원금] + [r심사사전정보내역조회C].[현재일자기준대출심사모형사전조회출력Dto].[CA청구원금] + [r심사사전정보내역조회C].[현재일자기준대출심사모형사전조회출력Dto].[CAI연체원금_N15] + [r심사사전정보내역조회C].[현재일자기준대출심사모형사전조회출력Dto].[CAI미청구원금_N15] + [r심사사전정보내역조회C].[현재일자기준대출심사모형사전조회출력Dto].[RCA연체원금_N15] + [r심사사전정보내역조회C].[현재일자기준대출심사모형사전조회출력Dto].[RCA이월금액_N15] + [r심사사전정보내역조회C].[현재일자기준대출심사모형사전조회출력Dto].[RCA미청구원금_N15] + [r심사사전정보내역조회C].[현재일자기준대출심사모형사전조회출력Dto].[RLS연체원금_N15] + [r심사사전정보내역조회C].[현재일자기준대출심사모형사전조회출력Dto].[RLS이월금액_N15] + [r심사사전정보내역조회C].[현재일자기준대출심사모형사전조회출력Dto].[RLS미청구원금_N15];
A28: =ROW()-1 -> 27 | B28: A2020 | C28: String | D28: 1 | E28: 유효회원여부 | F28: 제공항목 | H28: 내부정보 | I28: GEA심사사전정보내역 | J28: 심사사전정보내역조회C > 현재일자기준대출심사모형사전조회 | K28: KB카드유효회원여부
A29: =ROW()-1 -> 28 | B29: A2021 | C29: String | D29: 1 | E29: 유효고객여부 | F29: 제공항목 | G29: rCI연계정보고객번호상호조회C (GAA) | H29: 내부정보 | I29: GEA심사사전정보내역 | J29: 심사사전정보내역조회C > 현재일자기준대출심사모형사전조회 | K29: KB카드유효고객여부
A30: =ROW()-1 -> 29 | B30: A2022 | C30: String | D30: 1 | E30: 신용카드소지여부 | F30: 제공항목 | G30: r고객식별자유효카드존재여부조회 (GAG) | H30: 내부정보 | I30: GEA심사사전정보내역 | J30: 심사사전정보내역조회C > 현재일자기준대출심사모형사전조회 | K30: 유효신용카드소지여부
A31: =ROW()-1 -> 30 | B31: A2023 | C31: String | D31: 1 | E31: 체크카드보유여부 | F31: 제공항목 | G31: r고객식별자유효카드존재여부조회 | H31: 내부정보 | I31: GEA심사사전정보내역 | J31: 심사사전정보내역조회C > 현재일자기준대출심사모형사전조회 | K31: 유효체크카드소지여부
A32: =ROW()-1 -> 31 | B32: A2024 | C32: String | D32: 1 | E32: 가맹점대표자여부 | F32: 제공항목 | G32: r가맹점매출실적산출 (GDB) | H32: 내부정보 | I32: GEA심사사전정보내역 | J32: 심사사전정보내역조회C > 현재일자기준대출심사모형사전조회 | K32: 가맹점대표자여부
A33: =ROW()-1 -> 32 | B33: A2025 | C33: String | D33: 2 | E33: 가맹점주등급 | F33: 제공항목 | H33: 내부정보 | I33: GEA심사사전정보내역 | J33: 심사사전정보내역조회C > 가맹점주등급조회E | K33: 미정
A34: =ROW()-1 -> 33 | B34: A2026 | C34: Numeric | D34: 15 | E34: 최근 6개월 가맹점 매출액 | F34: 제공항목 | G34: r가맹점매출실적산출 | H34: 내부정보 | I34: GEA심사사전정보내역 | J34: 심사사전정보내역조회C > 실시간심사6개월가맹점매출금액조회E | K34: 최근6개월가맹점매출금액
A35: =ROW()-1 -> 34 | B35: A2027 | C35: Numeric | D35: 15 | E35: 당사 CA 잔액 | F35: 제공항목 | G35: --> | H35: 내부정보 | I35: GEA심사사전정보내역 | J35: 심사사전정보내역조회C > 현재일자기준대출심사모형사전조회 | K35: 당사CA잔액 [bdCA잔액] = [r심사사전정보내역조회C].[현재일자기준대출심사모형사전조회출력Dto].[CA연체원금] + [r심사사전정보내역조회C].[현재일자기준대출심사모형사전조회출력Dto].[CA청구원금] + [r심사사전정보내역조회C].[현재일자기준대출심사모형사전조회출력Dto].[CAI연체원금_N15] + [r심사사전정보내역조회C].[현재일자기준대출심사모형사전조회출력Dto].[CAI미청구원금_N15] + [r심사사전정보내역조회C].[현재일자기준대출심사모형사전조회출력Dto].[RCA연체원금_N15] + [r심사사전정보내역조회C].[현재일자기준대출심사모형사전조회출력Dto].[RCA이월금액_N15] + [r심사사전정보내역조회C].[현재일자기준대출심사모형사전조회출력Dto].[RCA미청구원금_N15];
A36: =ROW()-1 -> 35 | B36: A2028 | C36: Numeric | D36: 15 | E36: 당사 RLS이월잔액 | F36: 제공항목 | G36: r심사전략고도화결제금액조회C (GBC) | H36: 내부정보 | I36: GEA심사사전정보내역 | J36: 심사사전정보내역조회C > 현재일자기준대출심사모형사전조회 | K36: RLS이월금액_N15
A37: =ROW()-1 -> 36 | B37: A2029 | C37: Numeric | D37: 15 | E37: 당사 RCA이월잔액 | F37: 제공항목 | G37: r심사전략고도화결제금액조회C | H37: 내부정보 | I37: GEA심사사전정보내역 | J37: 심사사전정보내역조회C > 현재일자기준대출심사모형사전조회 | K37: RCA이월금액_N15
A38: =ROW()-1 -> 37 | B38: A2030 | C38: Numeric | D38: 15 | E38: 쉬프트론대출잔액 | F38: 제공항목 | G38: [rGEA카드론계약기본대출잔액조회E].[전환대출잔액_N15] | H38: 내부정보 | I38: GEA심사사전정보내역 | J38: 심사사전정보내역조회C > 현재일자기준대출심사모형사전조회 | K38: 전환대출잔액_N15
A39: =ROW()-1 -> 38 | B39: A2031 | C39: Numeric | D39: 15 | E39: 매입할부금융잔액 | F39: 제공항목 | G39: [r고객별상품별잔액조회C].[SY캐피탈오토할부잔액_N18]; | H39: 내부정보 | I39: GEA심사사전정보내역 | J39: 심사사전정보내역조회C > 현재일자기준대출심사모형사전조회 | K39: 매입할부금융잔액_N15
A40: =ROW()-1 -> 39 | B40: A2032 | C40: Numeric | D40: 15 | E40: 부채증명서 발급 경과일수 (단위: 일) | F40: 제공항목 | G40: [r부채증명서발급정보조회C] (GFA) | H40: 내부정보 | I40: GEA심사사전정보내역 | J40: 심사사전정보내역조회C > 부채증명서발급정보조회 | K40: 부채증명서발급경과일수
A41: =ROW()-1 -> 40 | B41: A2033 | C41: Numeric | D41: 15 | E41: TOTAL CREDIT | F41: 제공항목 | G41: 0 | H41: 내부정보 | I41: GEA심사사전정보내역 | J41: N/A (요건미정의로 초기값설정) | K41: N/A (요건미정의로 초기값설정)
A42: =ROW()-1 -> 41 | B42: A2034 | C42: Numeric | D42: 15 | E42: TOTAL CREDIT잔여한도 | F42: 제공항목 | G42: 0 | H42: 내부정보 | I42: GEA심사사전정보내역 | J42: N/A (요건미정의로 초기값설정) | K42: N/A (요건미정의로 초기값설정)
A43: =ROW()-1 -> 42 | B43: A2035 | C43: String | D43: 1 | E43: 예외승인여부 | F43: 제공항목 | G43: 0,1,2,3 | H43: 내부정보 | I43: GEA심사사전정보내역 | J43: GEA카드론대상자기본조회 | K43: 카드론예외승인구분코드if ([i카드론대출RCLIPS전문조립C].[인터페이스제외여부_V1] == "1") { [s카드론예외승인구분코드] = "2"; //카드론예외승인구분코드: 2 실시간 심사 CB전문 제외 } else { [s카드론예외승인구분코드] = [r심사사전정보내역조회C].[현재일자기준대출심사모형사전조회출력Dto].[카드론예외승인구분코드]; if([s카드론예외승인구분코드] == "0" && [s사전대상자존재여부] == "0"){ [s카드론예외승인구분코드] = "3"; } }
A44: =ROW()-1 -> 43 | B44: A2036 | C44: String | D44: 2 | E44: 카드론신규등급 | F44: 제공항목 | G44: THKAASCE1 (20180502) [r고객신용평가정보기본조회C] (GHA) | H44: 내부정보 | I44: GEA심사사전정보내역 | J44: 심사사전정보내역조회C > 현재일자기준대출심사모형사전조회 > 고객신용평가정보기본조회C | K44: 카드론신규등급구분코드
A45: =ROW()-1 -> 44 | B45: A2037 | C45: String | D45: 3 | E45: 카드론신규모형구분 | F45: 제공항목 | G45: THKAASCE1 (20180912) - 추가 [r고객신용평가정보기본조회C] (GHA) | H45: 내부정보 | I45: GEA심사사전정보내역 | J45: 심사사전정보내역조회C > 현재일자기준대출심사모형사전조회 > 고객신용평가정보기본조회C | K45: 카드론신규모형구분코드 | O45: 추가 | P45: 20190325이전추가
A46: =ROW()-1 -> 45 | B46: A2038 | C46: Numeric | D46: 4 | E46: 신용BSS평점 | F46: 제공항목 | G46: THKAASCE1 (20180502) [r고객신용평가정보기본조회C] (GHA) | H46: 내부정보 | I46: GEA심사사전정보내역 | J46: 심사사전정보내역조회C > 현재일자기준대출심사모형사전조회 > 고객신용평가정보기본조회C | K46: 신용카드BSS평가점수
A47: =ROW()-1 -> 46 | B47: A2039 | C47: String | D47: 2 | E47: 신용BSS등급 | F47: 제공항목 | G47: THKAASCE1 (20180502) [r고객신용평가정보기본조회C] (GHA) | H47: 내부정보 | I47: GEA심사사전정보내역 | J47: 심사사전정보내역조회C > 현재일자기준대출심사모형사전조회 > 고객신용평가정보기본조회C | K47: 신용BSS등급구분코드 | Q47: 필수
A48: =ROW()-1 -> 47 | B48: A2040 | C48: String | D48: 3 | E48: 신용BSS산정대상구분 | F48: 제공항목 | G48: THKAASCE1 (20180502) [r고객신용평가정보기본조회C] (GHA) | H48: 내부정보 | I48: GEA심사사전정보내역 | J48: 심사사전정보내역조회C > 현재일자기준대출심사모형사전조회 > 고객신용평가정보기본조회C | K48: 신용BSS산정대상구분코드
A49: =ROW()-1 -> 48 | B49: A2041 | C49: String | D49: 2 | E49: 카드론매체구분코드 | F49: 제공항목 | G49: 대출광고제휴업체구분코드와 통합(주의! KHC04077040 출력항목 아님) | H49: 내부정보 | I49: GEA심사사전정보내역 | J49: 심사사전정보내역조회C > 현재일자기준대출심사모형사전조회 | K49: 카드론거래매체구분코드 | O49: 추가 | P49: 20190325이전추가
A50: =ROW()-1 -> 49 | B50: A2042 | C50: String | D50: 1 | E50: 우대한도소득충족여부 | F50: 제공항목 | G50: 카카오뱅크 실소득 충족여부(주의! KHC04077040 출력항목 아님) | H50: 내부정보 | I50: GEA심사사전정보내역 | J50: 심사사전정보내역조회C > 현재일자기준대출심사모형사전조회 > 고객신용평가정보기본조회C | K50: 우대한도소득기준충족여부 // 실직소득산출 = ( (보험료납부금액 (2 + 3 + 4) / 3 / 3.12% ) * 12 if ( [sSKIP여부_V1] == "0") { [bd계산금액] = [i카카오뱅크연계소득금액계산C].[N2개월전건강보험료납부금액] + [i카카오뱅크연계소득금액계산C].[N3개월전건강보험료납부금액] + [i카카오뱅크연계소득금액계산C].[N4개월전건강보험료납부금액]; if ([bd계산금액] >= 20000000 ) { [r카카오뱅크연계소득금액계산C].[실질소득충족여부_V1] = "1"; if ([r카카오뱅크연계소득금액계산C].[실질소득충족여부_V1] == "1") { [t심사모형사전기본정보].[우대한도소득기준충족여부] = "1"; | O50: 추가 | P50: 20190325이전추가
A51: =ROW()-1 -> 50 | B51: A2043 | C51: String | D51: 2 | E51: 신용BSS모형구분 | F51: 제공항목 | G51: THKAASCE1 (20190220) [r고객신용평가정보기본조회C] (GHA) | H51: 내부정보 | I51: GEA심사사전정보내역 | J51: 심사사전정보내역조회C > 현재일자기준대출심사모형사전조회 > 고객신용평가정보기본조회C | K51: 통합카드BSS모형구분코드 | O51: 추가 | P51: 20190514추가
A52: =ROW()-1 -> 51 | B52: A2044 | C52: String | D52: 2 | E52: 카드론금리등급구분코드 | F52: 제공항목 | G52: TBGEAA001(20190515) - 예외승인된 건에 대해 필요 | H52: 내부정보 | I52: GEA심사사전정보내역 | J52: 심사사전정보내역조회C > 현재일자기준대출심사모형사전조회 > 고객신용평가정보기본조회C | K52: 카드론금리등급구분코드 | O52: 추가 | P52: 20190515 추가 (신규항목추가)
A53: =ROW()-1 -> 52 | B53: A2045 | C53: Numeric | D53: 15 | E53: 카드론한도금액 | F53: 제공항목 | G53: TBGEAA001(20190515) - 예외승인된 건에 대해 필요 | H53: 내부정보 | I53: GEA심사사전정보내역 | J53: 심사사전정보내역조회C > 현재일자기준대출심사모형사전조회 > 고객신용평가정보기본조회C | K53: 카드론한도금액 | O53: 추가 | P53: 20190515 추가 (신규항목추가)
A54: =ROW()-1 -> 53 | B54: A2046 | C54: Numeric | D54: 15 | E54: 일시상환한도금액 | F54: 제공항목 | G54: TBGEAA001(20190515) - 예외승인된 건에 대해 필요 | H54: 내부정보 | I54: GEA심사사전정보내역 | J54: 심사사전정보내역조회C > 현재일자기준대출심사모형사전조회 > 고객신용평가정보기본조회C | K54: 일시상환한도금액 | O54: 추가 | P54: 20190515 추가 (신규항목추가)
A55: =ROW()-1 -> 54 | B55: A2047 | C55: Numeric | D55: 15 | E55: 분할상환대출기간수 | F55: 제공항목 | G55: TBGEAA001(20190515) - 예외승인된 건에 대해 필요 | H55: 내부정보 | I55: GEA심사사전정보내역 | J55: 심사사전정보내역조회C > 현재일자기준대출심사모형사전조회 > 고객신용평가정보기본조회C | K55: 분할상환대출기간수 | O55: 추가 | P55: 20190515 추가 (신규항목추가)
A56: =ROW()-1 -> 55 | B56: A2048 | C56: Numeric | D56: 15 | E56: 거치기간수 | F56: 제공항목 | G56: TBGEAA001(20190515) - 예외승인된 건에 대해 필요 | H56: 내부정보 | I56: GEA심사사전정보내역 | J56: 심사사전정보내역조회C > 현재일자기준대출심사모형사전조회 > 고객신용평가정보기본조회C | K56: 거치기간수 | O56: 추가 | P56: 20190515 추가 (신규항목추가)
A57: =ROW()-1 -> 56 | B57: A2049 | C57: Numeric | D57: 15 | E57: 이용가능한도미사용금액 | F57: 제공항목 | G57: TBGEAA001(20190515) - 예외승인된 건에 대해 필요 | H57: 내부정보 | I57: GEA심사사전정보내역 | J57: 심사사전정보내역조회C > 현재일자기준대출심사모형사전조회 > 고객신용평가정보기본조회C | K57: 이용가능한도미사용금액 | P57: 20200204 추가
A58: =ROW()-1 -> 57 | C58: A2144 | D58: 20 | E58: KCB소호머신러닝등급_사전 | F58: 제공항목 | I58: ? | K58: ? | L58: ? | M58: ? | N58: ? | O58: 삭제 | P58: 20190418 삭제 (이관용c 확인) 20190409 신규추가
A59: =ROW()-1 -> 58 | C59: A2145 | D59: 20 | E59: KCB소호머신러닝스코어_사전 | F59: 제공항목 | I59: ? | K59: ? | L59: ? | M59: ? | N59: ? | O59: 삭제 | P59: 20190418 삭제 (이관용c 확인) 20190409 신규추가
A60: =ROW()-1 -> 59 | C60: A2146 | D60: 20 | E60: KCB소호구분_사전 | F60: 제공항목 | I60: ? | K60: ? | L60: ? | M60: ? | N60: ? | O60: 삭제 | P60: 20190418 삭제 (이관용c 확인) 20190409 신규추가
A61: =ROW()-1 -> 60 | C61: A3001 | D61: 5 | E61: (신용관리대상/공공정보)등록 총 건수 | F61: 제공항목 | I61: GEA_NICE신용요약정보상세전문 | J61: NICE비회원신용정보조회 > GEA_NICE신용요약정보조회 | K61: 은행연합회은행업권주택담보대출총건수_N5 | L61: B12000100 | M61: 1F003 | N61: 62 | O61: 20200601 삭제
A62: =ROW()-1 -> 61 | C62: A3002 | D62: 5 | E62: (채무불이행-신용정보사)미해제등록 총 건수 | F62: 제공항목 | I62: GEA_NICE신용요약정보상세전문 | J62: NICE비회원신용정보조회 > GEA_NICE신용요약정보조회 | K62: 은행연합회은행업권주택외담보대출총건수_N5 | L62: B22000200 | M62: 1F003 | N62: 62 | O62: 20200601 삭제
A63: =ROW()-1 -> 62 | C63: A3003 | D63: 1 | E63: 희망모아 신용회복지원 대상 구분 | F63: 제공항목 | I63: GEA_NICE신용요약정보상세전문 | J63: NICE비회원신용정보조회 > GEA_NICE신용요약정보조회 | K63: 은행연합회보험업권주택담보대출총건수_N9 | L63: BS0000051 | M63: 1F003 | N63: 62 | O63: 20200601 삭제
A64: =ROW()-1 -> 63 | C64: A3004 | D64: 5 | E64: 채무불이행 최근5년내 해제건 중 최근 해제일로부터의 기간(삭제포함) | F64: 제공항목 | I64: GEA_NICE신용요약정보상세전문 | J64: NICE비회원신용정보조회 > GEA_NICE신용요약정보조회 | K64: 은행연합회보험주택외담보대출총건수_N5 | L64: BS0000667 | M64: 1F003 | N64: 62 | O64: 20200601 삭제
A65: =ROW()-1 -> 64 | C65: A3005 | D65: 1 | E65: 신용회복위원회 조정정보 보유 유무 | F65: 제공항목 | I65: GEA_NICE신용요약정보상세전문 | J65: NICE비회원신용정보조회 > GEA_NICE신용요약정보조회 | K65: 미상환대출총건수_N9 | L65: BS0000783 | M65: 1F003 | N65: 62 | O65: 20200601 삭제
A66: =ROW()-1 -> 65 | C66: A3006 | D66: 1 | E66: 상록수 신용회복지원 구분 | F66: 제공항목 | I66: GEA_NICE신용요약정보상세전문 | J66: NICE비회원신용정보조회 > GEA_NICE신용요약정보조회 | K66: 은행업권미상환대출총건수_N9 | L66: BS0000784 | M66: 1F003 | N66: 62 | O66: 20200601 삭제
A67: =ROW()-1 -> 66 | C67: A3007 | D67: 5 | E67: 최근1개월 리볼빙 이용기관수(15일기준) | F67: 제공항목 | I67: GEA_NICE신용요약정보상세전문 | J67: NICE비회원신용정보조회 > GEA_NICE신용요약정보조회 | K67: 조합업권미상환대출총건수_N9 | L67: CF0100116 | M67: 1F003 | N67: 62 | O67: 20200601 삭제
A68: =ROW()-1 -> 67 | C68: A3008 | D68: 5 | E68: 미상환카드론,CA 및 리볼빙잔액 보유 기관수 | F68: 제공항목 | I68: GEA_NICE신용요약정보상세전문 | J68: NICE비회원신용정보조회 > GEA_NICE신용요약정보조회 | K68: 보험업권미상환대출총건수_N9 | L68: CF0100122 | M68: 1F003 | N68: 62 | O68: 20200601 삭제
A69: =ROW()-1 -> 68 | C69: A3009 | D69: 15 | E69: 최근1개월 리볼빙잔액 합계(15일기준) | F69: 제공항목 | I69: GEA_NICE신용요약정보상세전문 | J69: NICE비회원신용정보조회 > GEA_NICE신용요약정보조회 | K69: 카드업계대출총건수_N9 | L69: CF0100218 | M69: 1F003 | N69: 62 | O69: 20200601 삭제
A70: =ROW()-1 -> 69 | C70: A3010 | D70: 15 | E70: 최근3개월현금서비스 | F70: 제공항목 | I70: GEA_NICE신용요약정보상세전문 | J70: NICE비회원신용정보조회 > GEA_NICE신용요약정보조회 | K70: 캐피탈업권미상환대출총건수_N9 | L70: CF0300227 | M70: 1F003 | N70: 62 | O70: 20200601 삭제
A71: =ROW()-1 -> 70 | C71: A3011 | D71: 5 | E71: 최근12개월 카드 신판사용개월수(체크카드사용포함)(15일기준) | F71: 제공항목 | I71: GEA_NICE신용요약정보상세전문 | J71: NICE비회원신용정보조회 > GEA_NICE신용요약정보조회 | K71: 은행연합회할부금융업권신차할부총건수_N9 | L71: CF1200610 | M71: 1F003 | N71: 62 | O71: 20200601 삭제
A72: =ROW()-1 -> 71 | C72: A3012 | D72: 1 | E72: 파산면책 등록 유무 | F72: 제공항목 | I72: GEA_NICE신용요약정보상세전문 | J72: NICE비회원신용정보조회 > GEA_NICE신용요약정보조회 | K72: 최근6개월연체건수 | L72: CRT000005 | M72: 1F003 | N72: 62 | O72: 20200601 삭제
A73: =ROW()-1 -> 72 | C73: A3013 | D73: 1 | E73: 개인회생 등록 유무 | F73: 제공항목 | I73: GEA_NICE신용요약정보상세전문 | J73: NICE비회원신용정보조회 > GEA_NICE신용요약정보조회 | K73: 대부업권30일연체6개월총건수_N5 | L73: CRT000006 | M73: 1F003 | N73: 62 | O73: 20200601 삭제
A74: =ROW()-1 -> 73 | C74: X | D74: 1 | E74: 금치산선고 유무 | F74: 제공항목 | I74: GEA_NICE신용요약정보상세전문 | J74: #N/A | K74: #N/A | L74: CRT000013 | M74: 1F003 | N74: 62 | O74: 삭제 | P74: 20190325이전기삭제됨
A75: =ROW()-1 -> 74 | C75: X | D75: 1 | E75: 한정치산선고 유무 | F75: 제공항목 | I75: GEA_NICE신용요약정보상세전문 | J75: #N/A | K75: #N/A | L75: CRT000015 | M75: 1F003 | N75: 62 | O75: 삭제 | P75: 20190325이전기삭제됨
A76: =ROW()-1 -> 75 | B76: A3014 | C76: Numeric | D76: 5 | E76: 대부업계 30일이상 연체 미해제 총 건수 | F76: 제공항목 | H76: NICE | I76: GEA_NICE신용요약정보상세전문 | J76: NICE비회원신용정보조회 > GEA_NICE신용요약정보조회 | K76: 최장연체경험기간수 | L76: DQ0052001 | M76: 1F003 | N76: 62
A77: =ROW()-1 -> 76 | B77: A3015 | C77: Numeric | D77: 5 | E77: 대부업계 30일이상 연체 6개월내 경험한 총 건수 | F77: 제공항목 | H77: NICE | I77: GEA_NICE신용요약정보상세전문 | J77: NICE비회원신용정보조회 > GEA_NICE신용요약정보조회 | K77: 대부업권최장연체경험일수_N10 | L77: DQ0652001 | M77: 1F003 | N77: 62
A78: =ROW()-1 -> 77 | C78: A3016 | D78: 5 | E78: 현 자택정보 최초등록일로부터의 경과일수 | F78: 제공항목 | I78: GEA_NICE신용요약정보상세전문 | J78: NICE비회원신용정보조회 > GEA_NICE신용요약정보조회 | K78: 적용배제사유코드1_V4 | L78: EH0001601 | M78: 1F003 | N78: 62 | O78: 20200601 삭제
A79: =ROW()-1 -> 78 | C79: A3017 | D79: 1 | E79: 현 거주지의 거주유형 상세 | F79: 제공항목 | I79: GEA_NICE신용요약정보상세전문 | J79: NICE비회원신용정보조회 > GEA_NICE신용요약정보조회 | K79: 적용배제사유코드2_V4 | L79: EH0001901 | M79: 1F003 | N79: 62 | O79: 20200601 삭제
A80: =ROW()-1 -> 79 | C80: A3018 | D80: 15 | E80: 현 거주지의 매매평균가(천원) | F80: 제공항목 | I80: GEA_NICE신용요약정보상세전문 | J80: NICE비회원신용정보조회 > GEA_NICE신용요약정보조회 | K80: 적용배제사유코드3_V4 | L80: EH0002904 | M80: 1F003 | N80: 62 | O80: 20200601 삭제
A81: =ROW()-1 -> 80 | C81: A3019 | D81: 5 | E81: 현 직장정보 최초등록일로부터의 경과일수 | F81: 제공항목 | I81: GEA_NICE신용요약정보상세전문 | J81: NICE비회원신용정보조회 > GEA_NICE신용요약정보조회 | K81: 최근5년디폴트해제경과일수 | L81: EW0001601 | M81: 1F003 | N81: 62 | O81: 20200601 삭제
A82: =ROW()-1 -> 81 | C82: A3020 | D82: 1 | E82: 상환여력정보 적중구분(0:매칭불가, 1:기업정보매칭, 2:KFB대상기업체정보매칭, 3:예외코드매칭) | F82: 제공항목 | I82: GEA_NICE신용요약정보상세전문 | J82: NICE비회원신용정보조회 > GEA_NICE신용요약정보조회 | K82: 최초미해지신용카드발급경과일수_N9 | L82: EW0001901 | M82: 1F003 | N82: 62 | O82: 20200601 삭제
A83: =ROW()-1 -> 82 | C83: A3021 | D83: 2 | E83: 상환여력정보 예외코드 | F83: 제공항목 | I83: GEA_NICE신용요약정보상세전문 | J83: NICE비회원신용정보조회 > GEA_NICE신용요약정보조회 | K83: 최근1년신용판매이용개월수 | L83: EW0001902 | M83: 1F003 | N83: 62 | O83: 20200601 삭제
A84: =ROW()-1 -> 83 | C84: A3022 | D84: 1 | E84: 현 직장의 휴폐업여부 | F84: 제공항목 | I84: GEA_NICE신용요약정보상세전문 | J84: NICE비회원신용정보조회 > GEA_NICE신용요약정보조회 | K84: 현금서비스이용잔액기관수_N9 | L84: EW0002801 | M84: 1F003 | N84: 62 | O84: 20200601 삭제
A85: =ROW()-1 -> 84 | C85: A3023 | D85: 2 | E85: 현 직장의 기업공개 | F85: 제공항목 | I85: GEA_NICE신용요약정보상세전문 | J85: NICE비회원신용정보조회 > GEA_NICE신용요약정보조회 | K85: 총신용공여건수_N9 | L85: EW0002902 | M85: 1F003 | N85: 62 | O85: 20200601 삭제
A86: =ROW()-1 -> 85 | C86: A3024 | D86: 2 | E86: 현 직장의 기업형태 | F86: 제공항목 | I86: GEA_NICE신용요약정보상세전문 | J86: NICE비회원신용정보조회 > GEA_NICE신용요약정보조회 | K86: 1년내미상환주택담보대출총금액_N15 | L86: EW0002903 | M86: 1F003 | N86: 62 | O86: 20200601 삭제
A87: =ROW()-1 -> 86 | C87: A3025 | D87: 5 | E87: 현 직장의 종업원수 | F87: 제공항목 | I87: GEA_NICE신용요약정보상세전문 | J87: NICE비회원신용정보조회 > GEA_NICE신용요약정보조회 | K87: 최근해제후경과일수_N9 | L87: EW0002905 | M87: 1F003 | N87: 62 | O87: 20200601 삭제
A88: =ROW()-1 -> 87 | B88: A3026 | C88: Numeric | D88: 15 | E88: NICE등록연소득금액(IE0305_000) | F88: 제공항목 | H88: NICE | I88: GEA_NICE신용요약정보상세전문 | J88: NICE비회원신용정보조회 > GEA_NICE신용요약정보조회 | K88: 신용정보등록건수 | L88: IE0300002 | M88: 1F003 | N88: 62
A89: =ROW()-1 -> 88 | C89: A3027 | D89: 15 | E89: NICE추정연소득금액(IE0305_000) | F89: 제공항목 | I89: GEA_NICE신용요약정보상세전문 | J89: NICE비회원신용정보조회 > GEA_NICE신용요약정보조회 | K89: 대부업권30일이상연체총건수_N5 | L89: IE0300005 | M89: 1F003 | N89: 62 | O89: 20200601 삭제
A90: =ROW()-1 -> 89 | B90: A3028 | C90: Numeric | D90: 15 | E90: NICE최종연소득금액(IE0305_000) | F90: 제공항목 | H90: NICE | I90: GEA_NICE신용요약정보상세전문 | J90: NICE비회원신용정보조회 > GEA_NICE신용요약정보조회 | K90: 신용회복위원회조정정보보유여부_V1 | L90: IE0300007 | M90: 1F003 | N90: 62 | Q90: 필수(만원단위)
A91: =ROW()-1 -> 90 | C91: A3029 | D91: 15 | E91: NICE직장기반추정소득값(IE0305_000) | F91: 제공항목 | I91: GEA_NICE신용요약정보상세전문 | J91: NICE비회원신용정보조회 > GEA_NICE신용요약정보조회 | K91: 희망모아신용회복지원대상여부_V1 | L91: IE0300010 | M91: 1F003 | N91: 62 | O91: 20200601 삭제
A92: =ROW()-1 -> 91 | C92: A3030 | D92: 15 | E92: NICE부동산기반추정소득(IE0305_000) | F92: 제공항목 | I92: GEA_NICE신용요약정보상세전문 | J92: NICE비회원신용정보조회 > GEA_NICE신용요약정보조회 | K92: 상록수신용회복지원여부_V1 | L92: IE0300011 | M92: 1F003 | N92: 62 | O92: 20200601 삭제
A93: =ROW()-1 -> 92 | C93: A3031 | D93: 15 | E93: NICE신용정보기반추정소득(IE0305_000) | F93: 제공항목 | I93: GEA_NICE신용요약정보상세전문 | J93: NICE비회원신용정보조회 > GEA_NICE신용요약정보조회 | K93: 파산면책등록유무 | L93: IE0300012 | M93: 1F003 | N93: 62 | O93: 20200601 삭제
A94: =ROW()-1 -> 93 | B94: A3032 | C94: Numeric | D94: 5 | E94: 미상환 주택담보 대출총건수 | F94: 제공항목 | H94: NICE | I94: GEA_NICE신용요약정보상세전문 | J94: NICE비회원신용정보조회 > GEA_NICE신용요약정보조회 | K94: 개인회생등록유무 | L94: LE0000006 | M94: 1F003 | N94: 62
A95: =ROW()-1 -> 94 | B95: A3033 | C95: String | D95: 1 | E95: 기준일 현재 행안부 사망자 여부 | F95: 제공항목 | H95: NICE | I95: GEA_NICE신용요약정보상세전문 | J95: NICE비회원신용정보조회 > GEA_NICE신용요약정보조회 | K95: 한정금치산자선고유무_V1 | L95: LIVESTAT2 | M95: 1F003 | N95: 62
A96: =ROW()-1 -> 95 | B96: A3034 | C96: Numeric | D96: 15 | E96: 전은연대출 연간원리금상환금액(기준2) | F96: 제공항목 | H96: NICE | I96: GEA_NICE신용요약정보상세전문 | J96: NICE비회원신용정보조회 > GEA_NICE신용요약정보조회 | K96: 금치산자선고유무_V1 | L96: LRZ000201 | M96: 1F003 | N96: 62
A97: =ROW()-1 -> 96 | B97: A3035 | C97: Numeric | D97: 15 | E97: 전은연대출 연간원리금상환금액(기준2)_주택/부동산담보대출제외 | F97: 제공항목 | H97: NICE | I97: GEA_NICE신용요약정보상세전문 | J97: NICE비회원신용정보조회 > GEA_NICE신용요약정보조회 | K97: 사망자여부 | L97: LRZ000203 | M97: 1F003 | N97: 62
A98: =ROW()-1 -> 97 | C98: A3036 | D98: 15 | E98: 최근1개월내 총 연체금액(최초연체발생일기준) | F98: 제공항목 | I98: GEA_NICE신용요약정보상세전문 | J98: NICE비회원신용정보조회 > GEA_NICE신용특별요약정보조회 | K98: NICE미해제연체총기관수_N5 | L98: P12001000 | M98: 1F003 | N98: 62 | O98: 20200601 삭제
A99: =ROW()-1 -> 98 | B99: A3037 | C99: Numeric | D99: 5 | E99: 미해제 연체 총 건수 | F99: 제공항목 | H99: NICE | I99: GEA_NICE신용요약정보상세전문 | J99: NICE비회원신용정보조회 > GEA_NICE신용요약정보조회 | K99: 총연체잔액_N15 | L99: P27000100 | M99: 1F003 | N99: 62
A100: =ROW()-1 -> 99 | B100: A3038 | C100: Numeric | D100: 15 | E100: 미해제 총 연체 금액 | F100: 제공항목 | H100: NICE | I100: GEA_NICE신용요약정보상세전문 | J100: NICE비회원신용정보조회 > GEA_NICE신용요약정보조회 | K100: 개월미해지카드발급건수 | L100: P27000300 | M100: 1F003 | N100: 62
A101: =ROW()-1 -> 100 | C101: A3039 | D101: 15 | E101: 연체 총 잔액(해제후1년경과건제외) | F101: 제공항목 | I101: GEA_NICE신용요약정보상세전문 | J101: NICE비회원신용정보조회 > GEA_NICE신용요약정보조회 | K101: 최근1개월리볼빙이용기관수_N5 | L101: P71010400 | M101: 1F003 | N101: 62 | O101: 20200601 삭제
...

Sheet RCLIPS수신(이지론)_최종
A1: < 카드론 > | H1: #N/A 테이블에 저장안함
A2: * RCLIPS → 처리계 | H2: s붙은건 MDD항목명
A3: NO | B3: 원천구분 | C3: R-Clips 코드 | D3: 항목명 | E3: 형식 | F3: 길이 | G3: 구분 | H3: TBGEAA204, MDD항목 | I3: 비고(현업) | J3: 비고(NEW) | K3: 비고(OLD)
A4: =ROW()-3 -> 1 | B4: RCLIPS | D4: 결과코드 | E4: String | F4: 4 | I4: 0000이 아닐 경우 오류
A5: =ROW()-3 -> 2 | B5: RCLIPS | D5: 결과건수 | E5: Numeric | F5: 3 | I5: 결과항목(코드5+값15) 건수
A6: =ROW()-3 -> 3 | B6: RCLIPS | D6: 기준년월 | E6: String | F6: 6
A7: =ROW()-3 -> 4 | B7: RCLIPS | D7: 접수번호 | E7: String | F7: 14
A8: =ROW()-3 -> 5 | B8: RCLIPS | D8: 고객식별자 | E8: String | F8: 10
A9: =ROW()-3 -> 6 | B9: RCLIPS | D9: 회원일련번호 | E9: String | F9: 8
A10: =ROW()-3 -> 7 | B10: RCLIPS | C10: R0001 | D10: 상품코드 | E10: String | F10: 2 | G10: 결과항목 | H10: =VLOOKUP(C10,$L$10:$N$135,2,FALSE) -> #N/A | J10: E컬럼 #N/A 항목, TBGEAA204에 저장하거나 , MDD 항목으로 출력안함. 현업참고 | L10: A4060 | M10: s비대면연계대출등급 | P10: =VLOOKUP(L10,$C$11:$D$152,1,FALSE) -> #N/A
A11: =ROW()-3 -> 8 | B11: RCLIPS | C11: R1002 | D11: 최종대출가능금액_사전 | E11: Numeric | F11: 15 | G11: 결과항목 | H11: =VLOOKUP(C11,$L$10:$N$135,2,FALSE) -> 사전최종한도금액 | L11: A3075 | M11: s중금리ML스코어신용등급코드 | P11: =VLOOKUP(L11,$C$11:$D$152,1,FALSE) -> #N/A
A12: =ROW()-3 -> 9 | B12: RCLIPS | C12: R0002 | D12: 최종대출가능금액_실시간 | E12: Numeric | F12: 15 | G12: 결과항목 | H12: =VLOOKUP(C12,$L$10:$N$135,2,FALSE) -> 실시간최종한도금액 | L12: M1004 | M12: s결합등급 | P12: =VLOOKUP(L12,$C$11:$D$152,1,FALSE) -> #N/A
A13: =ROW()-3 -> 10 | B13: RCLIPS | C13: R1060 | D13: 일시한도_사전 | E13: Numeric | F13: 15 | G13: 결과항목 | H13: =VLOOKUP(C13,$L$10:$N$135,2,FALSE) -> 사전일시상환한도금액 | L13: R1002 | M13: 사전최종한도금액 | P13: =VLOOKUP(L13,$C$11:$D$152,1,FALSE) -> R1002
A14: =ROW()-3 -> 11 | B14: RCLIPS | C14: R0060 | D14: 일시한도_실시간 | E14: Numeric | F14: 15 | G14: 결과항목 | H14: =VLOOKUP(C14,$L$10:$N$135,2,FALSE) -> 실시간일시상환한도금액 | L14: R0002 | M14: 실시간최종한도금액 | P14: =VLOOKUP(L14,$C$11:$D$152,1,FALSE) -> R0002
A15: =ROW()-3 -> 12 | B15: RCLIPS | C15: R1061 | D15: TM한도_사전 | E15: Numeric | F15: 15 | G15: 결과항목 | H15: =VLOOKUP(C15,$L$10:$N$135,2,FALSE) -> 사전이지론증액한도금액 | L15: R1060 | M15: 사전일시상환한도금액 | P15: =VLOOKUP(L15,$C$11:$D$152,1,FALSE) -> R1060
A16: =ROW()-3 -> 13 | B16: RCLIPS | C16: R0061 | D16: TM한도_실시간 | E16: Numeric | F16: 15 | G16: 결과항목 | H16: =VLOOKUP(C16,$L$10:$N$135,2,FALSE) -> 실시간이지론증액한도금액 | L16: R0060 | M16: 실시간일시상환한도금액 | P16: =VLOOKUP(L16,$C$11:$D$152,1,FALSE) -> R0060
A17: =ROW()-3 -> 14 | B17: RCLIPS | C17: R1003 | D17: 대출이율_사전 | E17: Numeric | F17: 9 | G17: 결과항목 | H17: =VLOOKUP(C17,$L$10:$N$135,2,FALSE) -> 사전적용이율 | L17: R1061 | M17: 사전이지론증액한도금액 | P17: =VLOOKUP(L17,$C$11:$D$152,1,FALSE) -> R1061
A18: =ROW()-3 -> 15 | B18: RCLIPS | C18: R0003 | D18: 대출이율_실시간 | E18: Numeric | F18: 9 | G18: 결과항목 | H18: =VLOOKUP(C18,$L$10:$N$135,2,FALSE) -> 실시간적용이율 | L18: R0061 | M18: 실시간이지론증액한도금액 | P18: =VLOOKUP(L18,$C$11:$D$152,1,FALSE) -> R0061
A19: =ROW()-3 -> 16 | B19: RCLIPS | C19: R1004 | D19: 변경전금리등급 | E19: String | F19: 2 | G19: 결과항목 | H19: =VLOOKUP(C19,$L$10:$N$135,2,FALSE) -> 사전금리등급구분코드 | J19: 20190507 입력(A8036)값과 동일함 (이관용C 확인) | L19: R1003 | M19: 사전적용이율 | P19: =VLOOKUP(L19,$C$11:$D$152,1,FALSE) -> R1003
A20: =ROW()-3 -> 17 | B20: RCLIPS | C20: R0004 | D20: 금리등급_실시간 | E20: String | F20: 2 | G20: 결과항목 | H20: =VLOOKUP(C20,$L$10:$N$135,2,FALSE) -> 실시간금리등급구분코드 | J20: 20190507 입력(A2039, A8086)값으로 산출함 (이관용C 확인) | L20: R0003 | M20: 실시간적용이율 | P20: =VLOOKUP(L20,$C$11:$D$152,1,FALSE) -> R0003
A21: =ROW()-3 -> 18 | B21: RCLIPS | C21: R0062 | D21: 우수사업자여부 | E21: String | F21: 1 | G21: 결과항목 | H21: =VLOOKUP(C21,$L$10:$N$135,2,FALSE) -> #N/A | L21: R1004 | M21: 사전금리등급구분코드 | P21: =VLOOKUP(L21,$C$11:$D$152,1,FALSE) -> R1004
A22: =ROW()-3 -> 19 | B22: RCLIPS | C22: R0063 | D22: 우수가맹점여부 | E22: String | F22: 1 | G22: 결과항목 | H22: =VLOOKUP(C22,$L$10:$N$135,2,FALSE) -> #N/A | L22: R0004 | M22: 실시간금리등급구분코드 | P22: =VLOOKUP(L22,$C$11:$D$152,1,FALSE) -> R0004
A23: =ROW()-3 -> 20 | B23: RCLIPS | C23: R1005 | D23: 최장대출기간월수_사전 | E23: Numeric | F23: 5 | G23: 결과항목 | H23: =VLOOKUP(C23,$L$10:$N$135,2,FALSE) -> 사전최장대출기간수 | J23: 20190426 입력(A8026)값과 동일함 (이시정k 확인) | L23: R1005 | M23: 사전최장대출기간수 | P23: =VLOOKUP(L23,$C$11:$D$152,1,FALSE) -> R1005
A24: =ROW()-3 -> 21 | B24: RCLIPS | C24: R0005 | D24: 최장대출기간월수_실시간 | E24: Numeric | F24: 5 | G24: 결과항목 | H24: =VLOOKUP(C24,$L$10:$N$135,2,FALSE) -> 실시간최장대출기간수 | L24: R0005 | M24: 실시간최장대출기간수 | P24: =VLOOKUP(L24,$C$11:$D$152,1,FALSE) -> R0005
A25: =ROW()-3 -> 22 | B25: RCLIPS | C25: R1006 | D25: 최장거치개월수_사전 | E25: Numeric | F25: 5 | G25: 결과항목 | H25: =VLOOKUP(C25,$L$10:$N$135,2,FALSE) -> 사전최장거치기간수 | L25: R1006 | M25: 사전최장거치기간수 | P25: =VLOOKUP(L25,$C$11:$D$152,1,FALSE) -> R1006
A26: =ROW()-3 -> 23 | B26: RCLIPS | C26: R0006 | D26: 최장거치개월수_실시간 | E26: Numeric | F26: 5 | G26: 결과항목 | H26: =VLOOKUP(C26,$L$10:$N$135,2,FALSE) -> 실시간최장거치기간수 | L26: R0006 | M26: 실시간최장거치기간수 | P26: =VLOOKUP(L26,$C$11:$D$152,1,FALSE) -> R0006
A27: =ROW()-3 -> 24 | B27: RCLIPS | C27: R1064 | D27: 이용가능한도미사용금액_사전 | E27: String | F27: 4 | G27: 결과항목 | H27: =VLOOKUP(C27,$L$10:$N$135,2,FALSE) -> 사전이용가능한도미사용금액 | L27: R1064 | M27: 사전이용가능한도미사용금액 | P27: =VLOOKUP(L27,$C$11:$D$152,1,FALSE) -> R1064
A28: =ROW()-3 -> 25 | B28: RCLIPS | C28: R0064 | D28: 이용가능한도미사용금액_실시간 | E28: String | F28: 4 | G28: 결과항목 | H28: =VLOOKUP(C28,$L$10:$N$135,2,FALSE) -> 실시간이용가능한도미사용금액 | L28: R0064 | M28: 실시간이용가능한도미사용금액 | P28: =VLOOKUP(L28,$C$11:$D$152,1,FALSE) -> R0064
A29: =ROW()-3 -> 26 | B29: RCLIPS | C29: R0065 | D29: 취급불가여부 | E29: String | F29: 4 | G29: 결과항목 | H29: =VLOOKUP(C29,$L$10:$N$135,2,FALSE) -> 사전기타취급불가사유코드 | L29: R0065 | M29: 사전기타취급불가사유코드 | P29: =VLOOKUP(L29,$C$11:$D$152,1,FALSE) -> R0065
A30: =ROW()-3 -> 27 | B30: RCLIPS | C30: R1007 | D30: 대출탈락사유내용_사전 | E30: String | F30: 60 | G30: 결과항목 | H30: =VLOOKUP(C30,$L$10:$N$135,2,FALSE) -> 사전대출탈락사유 | L30: R1007 | M30: 사전대출탈락사유 | P30: =VLOOKUP(L30,$C$11:$D$152,1,FALSE) -> R1007
A31: =ROW()-3 -> 28 | B31: RCLIPS | C31: R0007 | D31: 대출탈락사유내용_실시간 | E31: String | F31: 60 | G31: 결과항목 | H31: =VLOOKUP(C31,$L$10:$N$135,2,FALSE) -> 실시간대출탈락사유 | L31: R0007 | M31: 실시간대출탈락사유 | P31: =VLOOKUP(L31,$C$11:$D$152,1,FALSE) -> R0007
A32: =ROW()-3 -> 29 | B32: RCLIPS | C32: R1087 | D32: 회원세그먼트구분_사전 | E32: String | F32: 2 | G32: 결과항목 | H32: =VLOOKUP(C32,$L$10:$N$135,2,FALSE) -> 사전회원세그먼트구분코드 | L32: R1087 | M32: 사전회원세그먼트구분코드 | P32: =VLOOKUP(L32,$C$11:$D$152,1,FALSE) -> R1087
A33: =ROW()-3 -> 30 | B33: RCLIPS | C33: R0087 | D33: 회원세그먼트구분_실시간 | E33: Numeric | F33: 2 | G33: 결과항목 | H33: =VLOOKUP(C33,$L$10:$N$135,2,FALSE) -> 실시간회원세그먼트구분코드 | L33: R0087 | M33: 실시간회원세그먼트구분코드 | P33: =VLOOKUP(L33,$C$11:$D$152,1,FALSE) -> R0087
A34: =ROW()-3 -> 31 | B34: RCLIPS | C34: R1010 | D34: KCB추정소득_사전 | E34: Numeric | F34: 15 | G34: 결과항목 | H34: =VLOOKUP(C34,$L$10:$N$135,2,FALSE) -> 사전KCB추정소득금액 | L34: R1010 | M34: 사전KCB추정소득금액 | P34: =VLOOKUP(L34,$C$11:$D$152,1,FALSE) -> R1010
A35: =ROW()-3 -> 32 | B35: RCLIPS | C35: R0010 | D35: KCB추정소득_실시간 | E35: Numeric | F35: 15 | G35: 결과항목 | H35: =VLOOKUP(C35,$L$10:$N$135,2,FALSE) -> 실시간KCB추정소득금액 | L35: R0010 | M35: 실시간KCB추정소득금액 | P35: =VLOOKUP(L35,$C$11:$D$152,1,FALSE) -> R0010
... A38: =ROW()-3 -> 35 | B38: RCLIPS | C38: R1012 | D38: 평균추정소득_사전 | E38: Numeric | F38: 15 | G38: 결과항목 | H38: =VLOOKUP(C38,$L$10:$N$135,2,FALSE) -> 사전평균추정소득금액 | L38: R1012 | M38: 사전평균추정소득금액 | P38: =VLOOKUP(L38,$C$11:$D$152,1,FALSE) -> R1012
A39: =ROW()-3 -> 36 | B39: RCLIPS | C39: R0012 | D39: 평균추정소득_실시간 | E39: Numeric | F39: 15 | G39: 결과항목 | H39: =VLOOKUP(C39,$L$10:$N$135,2,FALSE) -> 실시간평균추정소득금액 | I39: 금융소비자보호법 안내용 | L39: R0012 | M39: 실시간평균추정소득금액 | P39: =VLOOKUP(L39,$C$11:$D$152,1,FALSE) -> R0012
A40: =ROW()-3 -> 37 | B40: RCLIPS | C40: R1013 | D40: KCB연간원리금_사전 | E40: Numeric | F40: 15 | G40: 결과항목 | H40: =VLOOKUP(C40,$L$10:$N$135,2,FALSE) -> 사전KCB연간원리금상환금액 | L40: R1013 | M40: 사전KCB연간원리금상환금액 | P40: =VLOOKUP(L40,$C$11:$D$152,1,FALSE) -> R1013
A41: =ROW()-3 -> 38 | B41: RCLIPS | C41: R0013 | D41: KCB연간원리금_실시간 | E41: Numeric | F41: 15 | G41: 결과항목 | H41: =VLOOKUP(C41,$L$10:$N$135,2,FALSE) -> 실시간KCB연간원리금상환금액 | L41: R0013 | M41: 실시간KCB연간원리금상환금액 | P41: =VLOOKUP(L41,$C$11:$D$152,1,FALSE) -> R0013
A42: =ROW()-3 -> 39 | B42: RCLIPS | C42: R1014 | D42: NICE연간원리금_사전 | E42: Numeric | F42: 15 | G42: 결과항목 | H42: =VLOOKUP(C42,$L$10:$N$135,2,FALSE) -> 사전NICE연간원리금상환금액 | L42: R1014 | M42: 사전NICE연간원리금상환금액 | P42: =VLOOKUP(L42,$C$11:$D$152,1,FALSE) -> R1014
A43: =ROW()-3 -> 40 | B43: RCLIPS | C43: R0014 | D43: NICE연간원리금_실시간 | E43: Numeric | F43: 15 | G43: 결과항목 | H43: =VLOOKUP(C43,$L$10:$N$135,2,FALSE) -> 실시간NICE연간원리금상환금액 | L43: R0014 | M43: 실시간NICE연간원리금상환금액 | P43: =VLOOKUP(L43,$C$11:$D$152,1,FALSE) -> R0014
A44: =ROW()-3 -> 41 | B44: RCLIPS | C44: R1015 | D44: 월가처분소득_사전 | E44: Numeric | F44: 15 | G44: 결과항목 | H44: =VLOOKUP(C44,$L$10:$N$135,2,FALSE) -> 사전월가처분소득금액 | L44: R1015 | M44: 사전월가처분소득금액 | P44: =VLOOKUP(L44,$C$11:$D$152,1,FALSE) -> R1015
A45: =ROW()-3 -> 42 | B45: RCLIPS | C45: R0015 | D45: 월가처분소득금액_실시간 | E45: Numeric | F45: 15 | G45: 결과항목 | H45: =VLOOKUP(C45,$L$10:$N$135,2,FALSE) -> 실시간월가처분소득금액 | L45: R0015 | M45: 실시간월가처분소득금액 | P45: =VLOOKUP(L45,$C$11:$D$152,1,FALSE) -> R0015
A46: =ROW()-3 -> 43 | B46: RCLIPS | C46: R1017 | D46: 전략DTI율_사전 | E46: Numeric | F46: 5 | G46: 결과항목 | H46: =VLOOKUP(C46,$L$10:$N$135,2,FALSE) -> 사전전략DTI비율 | L46: R1017 | M46: 사전전략DTI비율 | P46: =VLOOKUP(L46,$C$11:$D$152,1,FALSE) -> R1017
A47: =ROW()-3 -> 44 | B47: RCLIPS | C47: R0017 | D47: 전략DTI율_실시간 | E47: Numeric | F47: 5 | G47: 결과항목 | H47: =VLOOKUP(C47,$L$10:$N$135,2,FALSE) -> 실시간전략DTI비율 | L47: R0017 | M47: 실시간전략DTI비율 | P47: =VLOOKUP(L47,$C$11:$D$152,1,FALSE) -> R0017
A48: =ROW()-3 -> 45 | B48: RCLIPS | C48: R1066 | D48: DSR가이드한도금액_사전 | E48: Numeric | F48: 15 | G48: 결과항목 | H48: =VLOOKUP(C48,$L$10:$N$135,2,FALSE) -> 사전DSR가이드한도금액 | L48: R1066 | M48: 사전DSR가이드한도금액 | P48: =VLOOKUP(L48,$C$11:$D$152,1,FALSE) -> R1066
A49: =ROW()-3 -> 46 | B49: RCLIPS | C49: R0066 | D49: DSR가이드한도금액_실시간 | E49: Numeric | F49: 15 | G49: 결과항목 | H49: =VLOOKUP(C49,$L$10:$N$135,2,FALSE) -> 실시간DSR가이드한도금액 | L49: R0066 | M49: 실시간DSR가이드한도금액 | P49: =VLOOKUP(L49,$C$11:$D$152,1,FALSE) -> R0066
A50: =ROW()-3 -> 47 | B50: RCLIPS | C50: R1019 | D50: 연령최고대출가능금액_사전 | E50: Numeric | F50: 15 | G50: 결과항목 | H50: =VLOOKUP(C50,$L$10:$N$135,2,FALSE) -> 사전연령한도금액 | L50: R1019 | M50: 사전연령한도금액 | P50: =VLOOKUP(L50,$C$11:$D$152,1,FALSE) -> R1019
A51: =ROW()-3 -> 48 | B51: RCLIPS | C51: R0019 | D51: 연령최고대출가능금액_실시간 | E51: Numeric | F51: 15 | G51: 결과항목 | H51: =VLOOKUP(C51,$L$10:$N$135,2,FALSE) -> 실시간연령한도금액 | L51: R0019 | M51: 실시간연령한도금액 | P51: =VLOOKUP(L51,$C$11:$D$152,1,FALSE) -> R0019
... A56: =ROW()-3 -> 53 | B56: RCLIPS | C56: R1067 | D56: 카드론신규등급_사전 | E56: String | F56: 2 | G56: 결과항목 | H56: =VLOOKUP(C56,$L$10:$N$135,2,FALSE) -> 사전카드론신규등급구분코드 | L56: R1067 | M56: 사전카드론신규등급구분코드 | P56: =VLOOKUP(L56,$C$11:$D$152,1,FALSE) -> R1067
A57: =ROW()-3 -> 54 | B57: RCLIPS | C57: R0067 | D57: 카드론신규등급_실시간 | E57: String | F57: 2 | G57: 결과항목 | H57: =VLOOKUP(C57,$L$10:$N$135,2,FALSE) -> 실시간카드론신규등급구분코드 | L57: R0067 | M57: 실시간카드론신규등급구분코드 | O57: [s신청등급] | P57: =VLOOKUP(L57,$C$11:$D$152,1,FALSE) -> R0067
A58: =ROW()-3 -> 55 | B58: RCLIPS | C58: R1068 | D58: 신용BSS등급_사전 | E58: String | F58: 2 | G58: 결과항목 | H58: =VLOOKUP(C58,$L$10:$N$135,2,FALSE) -> 사전신용BSS등급구분코드 | L58: R1068 | M58: 사전신용BSS등급구분코드 | P58: =VLOOKUP(L58,$C$11:$D$152,1,FALSE) -> R1068
A59: =ROW()-3 -> 56 | B59: RCLIPS | C59: R0068 | D59: 신용BSS등급_실시간 | E59: String | F59: 2 | G59: 결과항목 | H59: =VLOOKUP(C59,$L$10:$N$135,2,FALSE) -> 실시간신용BSS등급구분코드 | L59: R0068 | M59: 실시간신용BSS등급구분코드 | O59: [sBSS등급구분코드] | P59: =VLOOKUP(L59,$C$11:$D$152,1,FALSE) -> R0068
A60: =ROW()-3 -> 57 | B60: RCLIPS | C60: R1069 | D60: 론니즈등급_사전 | E60: String | F60: 4 | G60: 결과항목 | H60: =VLOOKUP(C60,$L$10:$N$135,2,FALSE) -> 사전카드론니즈등급구분코드 | J60: 20190426 입력(A3060)값과 동일함 (이시정k 확인) | L60: R1069 | M60: 사전카드론니즈등급구분코드 | P60: =VLOOKUP(L60,$C$11:$D$152,1,FALSE) -> R1069
A61: =ROW()-3 -> 58 | B61: RCLIPS | C61: R0069 | D61: 론니즈등급_실시간 | E61: String | F61: 4 | G61: 결과항목 | H61: =VLOOKUP(C61,$L$10:$N$135,2,FALSE) -> 실시간카드론니즈등급구분코드 | J61: 20190426 입력(A8011)값과 동일함 (이시정k 확인) | L61: R0069 | M61: 실시간카드론니즈등급구분코드 | P61: =VLOOKUP(L61,$C$11:$D$152,1,FALSE) -> R0069
A62: =ROW()-3 -> 59 | B62: RCLIPS | C62: R1070 | D62: 다중채무위험지수스코어등급_사전 | E62: String | F62: 2 | G62: 결과항목 | H62: =VLOOKUP(C62,$L$10:$N$135,2,FALSE) -> 사전다중채무위험지수구분코드 | L62: R1070 | M62: 사전다중채무위험지수구분코드 | P62: =VLOOKUP(L62,$C$11:$D$152,1,FALSE) -> R1070
A63: =ROW()-3 -> 60 | B63: RCLIPS | C63: R0070 | D63: 다중채무위험지수스코어등급_실시간 | E63: String | F63: 2 | G63: 결과항목 | H63: =VLOOKUP(C63,$L$10:$N$135,2,FALSE) -> 실시간다중채무위험지수구분코드 | L63: R0070 | M63: 실시간다중채무위험지수구분코드 | P63: =VLOOKUP(L63,$C$11:$D$152,1,FALSE) -> R0070
A64: =ROW()-3 -> 61 | B64: RCLIPS | C64: R1024 | D64: NICESP등급_사전 | E64: String | F64: 4 | G64: 결과항목 | H64: =VLOOKUP(C64,$L$10:$N$135,2,FALSE) -> 사전서브프라임신용등급코드 | L64: R1024 | M64: 사전서브프라임신용등급코드 | P64: =VLOOKUP(L64,$C$11:$D$152,1,FALSE) -> R1024
A65: =ROW()-3 -> 62 | B65: RCLIPS | C65: R0024 | D65: NICESP등급_실시간 | E65: String | F65: 4 | G65: 결과항목 | H65: =VLOOKUP(C65,$L$10:$N$135,2,FALSE) -> 실시간서브프라임신용등급코드 | L65: R0024 | M65: 실시간서브프라임신용등급코드 | P65: =VLOOKUP(L65,$C$11:$D$152,1,FALSE) -> R0024
A66: =ROW()-3 -> 63 | B66: RCLIPS | C66: R1071 | D66: NICEPI등급_사전 | E66: String | F66: 4 | G66: 결과항목 | H66: =VLOOKUP(C66,$L$10:$N$135,2,FALSE) -> 사전PI신용등급코드 | L66: R1071 | M66: 사전PI신용등급코드 | P66: =VLOOKUP(L66,$C$11:$D$152,1,FALSE) -> R1071
A67: =ROW()-3 -> 64 | B67: RCLIPS | C67: R0071 | D67: NICEPI등급_실시간 | E67: String | F67: 4 | G67: 결과항목 | H67: =VLOOKUP(C67,$L$10:$N$135,2,FALSE) -> 실시간PI신용등급코드 | L67: R0071 | M67: 실시간PI신용등급코드 | P67: =VLOOKUP(L67,$C$11:$D$152,1,FALSE) -> R0071
A68: =ROW()-3 -> 65 | B68: RCLIPS | C68: R1072 | D68: TIP스코어등급_사전 | E68: String | F68: 4 | G68: 결과항목 | H68: =VLOOKUP(C68,$L$10:$N$135,2,FALSE) -> 사전팁스코어등급구분코드 | L68: R1072 | M68: 사전팁스코어등급구분코드 | P68: =VLOOKUP(L68,$C$11:$D$152,1,FALSE) -> R1072
A69: =ROW()-3 -> 66 | B69: RCLIPS | C69: R0072 | D69: TIP스코어등급_실시간 | E69: String | F69: 4 | G69: 결과항목 | H69: =VLOOKUP(C69,$L$10:$N$135,2,FALSE) -> 실시간팁스코어등급구분코드 | L69: R0072 | M69: 실시간팁스코어등급구분코드 | P69: =VLOOKUP(L69,$C$11:$D$152,1,FALSE) -> R0072
A70: =ROW()-3 -> 67 | B70: RCLIPS | C70: R1073 | D70: CP스코어등급_사전 | E70: String | F70: 4 | G70: 결과항목 | H70: =VLOOKUP(C70,$L$10:$N$135,2,FALSE) -> 사전NICECP스코어등급구분코드 | L70: R1073 | M70: 사전NICECP스코어등급구분코드 | P70: =VLOOKUP(L70,$C$11:$D$152,1,FALSE) -> R1073
A71: =ROW()-3 -> 68 | B71: RCLIPS | C71: R0073 | D71: CP스코어등급_실시간 | E71: String | F71: 4 | G71: 결과항목 | H71: =VLOOKUP(C71,$L$10:$N$135,2,FALSE) -> 실시간NICECP스코어등급구분코드 | L71: R0073 | M71: 실시간NICECP스코어등급구분코드 | P71: =VLOOKUP(L71,$C$11:$D$152,1,FALSE) -> R0073
A72: =ROW()-3 -> 69 | B72: RCLIPS | C72: R1074 | D72: DEP등급_사전 | E72: String | F72: 4 | G72: 결과항목 | H72: =VLOOKUP(C72,$L$10:$N$135,2,FALSE) -> 사전NICE채무건전성등급코드 | L72: R1074 | M72: 사전NICE채무건전성등급코드 | P72: =VLOOKUP(L72,$C$11:$D$152,1,FALSE) -> R1074
A73: =ROW()-3 -> 70 | B73: RCLIPS | C73: R0074 | D73: DEP등급_실시간 | E73: String | F73: 4 | G73: 결과항목 | H73: =VLOOKUP(C73,$L$10:$N$135,2,FALSE) -> 실시간NICE채무건전성등급코드 | L73: R0074 | M73: 실시간NICE채무건전성등급코드 | P73: =VLOOKUP(L73,$C$11:$D$152,1,FALSE) -> R0074
... A99: =ROW()-3 -> 96 | B99: RCLIPS | C99: R0030 | D99: CB등급최고대출가능금액_실시간 | E99: Numeric | F99: 15 | G99: 결과항목 | H99: =VLOOKUP(C99,$L$10:$N$135,2,FALSE) -> 실시간CB등급최대대출가능금액 | L99: R0030 | M99: 실시간CB등급최대대출가능금액 | P99: =VLOOKUP(L99,$C$11:$D$152,1,FALSE) -> R0030
A100: =ROW()-3 -> 97 | B100: RCLIPS | C100: R0048 | D100: 기존카드론잔액 | E100: Numeric | F100: 15 | G100: 결과항목 | H100: =VLOOKUP(C100,$L$10:$N$135,2,FALSE) -> 카드론잔액 | I100: 금감원 DSR산출용 | L100: R0048 | M100: 카드론잔액 | P100: =VLOOKUP(L100,$C$11:$D$152,1,FALSE) -> R0048
A101: =ROW()-3 -> 98 | B101: RCLIPS | C101: R0049 | D101: 기존일반대출잔액 | E101: Numeric | F101: 15 | G101: 결과항목 | H101: =VLOOKUP(C101,$L$10:$N$135,2,FALSE) -> 일반대출잔액 | I101: 금감원 DSR산출용 | L101: R0049 | M101: 일반대출잔액 | P101: =VLOOKUP(L101,$C$11:$D$152,1,FALSE) -> R0049
A102: =ROW()-3 -> 99 | B102: RCLIPS | C102: R0050 | D102: 인정소득 | E102: Numeric | F102: 15 | G102: 결과항목 | H102: =VLOOKUP(C102,$L$10:$N$135,2,FALSE) -> 인정소득금액 | I102: 금감원 DSR산출용 | L102: R0050 | M102: 인정소득금액 | P102: =VLOOKUP(L102,$C$11:$D$152,1,FALSE) -> R0050
A103: =ROW()-3 -> 100 | B103: RCLIPS | C103: R0051 | D103: 신정원원리금상환금액 | E103: Numeric | F103: 15 | G103: 결과항목 | H103: =VLOOKUP(C103,$L$10:$N$135,2,FALSE) -> KCIS원리금상환금액 | I103: 금감원 DSR산출용 | L103: R0051 | M103: KCIS원리금상환금액 | P103: =VLOOKUP(L103,$C$11:$D$152,1,FALSE) -> R0051
A104: =ROW()-3 -> 101 | B104: RCLIPS | C104: R0052 | D104: 금감원DSR제한한도분할 | E104: Numeric | F104: 15 | G104: 결과항목 | H104: =VLOOKUP(C104,$L$10:$N$135,2,FALSE) -> 금융감독원DSR제한분할한도금액 | I104: 금감원 DSR산출용 | L104: R0052 | M104: 금융감독원DSR제한분할한도금액 | P104: =VLOOKUP(L104,$C$11:$D$152,1,FALSE) -> R0052
A105: =ROW()-3 -> 102 | B105: RCLIPS | C105: R0053 | D105: 금감원DSR제한한도일시 | E105: Numeric | F105: 15 | G105: 결과항목 | H105: =VLOOKUP(C105,$L$10:$N$135,2,FALSE) -> 금융감독원DSR제한일시한도금액 | I105: 금감원 DSR산출용 | L105: R0053 | M105: 금융감독원DSR제한일시한도금액 | P105: =VLOOKUP(L105,$C$11:$D$152,1,FALSE) -> R0053
A106: =ROW()-3 -> 103 | B106: RCLIPS | C106: R0122 | D106: 추적제한전한도 | E106: Numeric | F106: 15 | G106: 결과항목 | H106: =VLOOKUP(C106,$L$10:$N$135,2,FALSE) -> #N/A | L106: R0088 | M106: 주무부서예외승인여부 | P106: =VLOOKUP(L106,$C$11:$D$152,1,FALSE) -> R0088
A107: =ROW()-3 -> 104 | B107: RCLIPS | C107: R0088 | D107: 예외승인여부 | E107: String | F107: 1 | G107: 결과항목 | H107: =VLOOKUP(C107,$L$10:$N$135,2,FALSE) -> 주무부서예외승인여부 | L107: R0089 | M107: 건강보험공단스크래핑소득금액 | P107: =VLOOKUP(L107,$C$11:$D$152,1,FALSE) -> R0089
A108: =ROW()-3 -> 105 | B108: RCLIPS | C108: R0089 | D108: 스크래핑_건보 | E108: Numeric | F108: 15 | G108: 결과항목 | H108: =VLOOKUP(C108,$L$10:$N$135,2,FALSE) -> 건강보험공단스크래핑소득금액 | L108: R0090 | M108: 국세청스크래핑소득금액 | P108: =VLOOKUP(L108,$C$11:$D$152,1,FALSE) -> R0090
A109: =ROW()-3 -> 106 | B109: RCLIPS | C109: R0090 | D109: 스크래핑_국세청 | E109: Numeric | F109: 15 | G109: 결과항목 | H109: =VLOOKUP(C109,$L$10:$N$135,2,FALSE) -> 국세청스크래핑소득금액 | L109: R0094 | M109: 실시간KCB신용평점 | P109: =VLOOKUP(L109,$C$11:$D$152,1,FALSE) -> R0094
A110: =ROW()-3 -> 107 | B110: RCLIPS | C110: R0091 | D110: KCB은행등록추정소득_실시간 | E110: Numeric | F110: 15 | G110: 결과항목 | H110: =VLOOKUP(C110,$L$10:$N$135,2,FALSE) -> #N/A | L110: R1094 | M110: 사전KCB신용평점 | P110: =VLOOKUP(L110,$C$11:$D$152,1,FALSE) -> R1094
A111: =ROW()-3 -> 108 | B111: RCLIPS | C111: R0092 | D111: NICE은행등록추정소득_실시간 | E111: Numeric | F111: 15 | G111: 결과항목 | H111: =VLOOKUP(C111,$L$10:$N$135,2,FALSE) -> #N/A | L111: R0095 | M111: 실시간NICE신용평점 | P111: =VLOOKUP(L111,$C$11:$D$152,1,FALSE) -> R0095
A112: =ROW()-3 -> 109 | B112: RCLIPS | C112: R0093 | D112: NICE주담제외원리금_실시간 | E112: Numeric | F112: 15 | G112: 결과항목 | H112: =VLOOKUP(C112,$L$10:$N$135,2,FALSE) -> #N/A | L112: R1095 | M112: 사전NICE신용평점 | P112: =VLOOKUP(L112,$C$11:$D$152,1,FALSE) -> R1095
A113: =ROW()-3 -> 110 | B113: RCLIPS | C113: R0094 | D113: KCB신용평점_실시간 | E113: Numeric | F113: 15 | G113: 결과항목 | H113: =VLOOKUP(C113,$L$10:$N$135,2,FALSE) -> 실시간KCB신용평점 | L113: R0107 | M113: 카드론우대대상구분코드 | P113: =VLOOKUP(L113,$C$11:$D$152,1,FALSE) -> R0107
A114: =ROW()-3 -> 111 | B114: RCLIPS | C114: R0095 | D114: NICE신용평점_실시간 | E114: Numeric | F114: 15 | G114: 결과항목 | H114: =VLOOKUP(C114,$L$10:$N$135,2,FALSE) -> 실시간NICE신용평점 | L114: R0111 | M114: 부채합계금액 | P114: =VLOOKUP(L114,$C$11:$D$152,1,FALSE) -> R0111
A115: =ROW()-3 -> 112 | B115: RCLIPS | C115: R0096 | D115: 기존오토론잔액 | E115: Numeric | F115: 15 | G115: 결과항목 | H115: =VLOOKUP(C115,$L$10:$N$135,2,FALSE) -> #N/A | L115: R0112 | M115: DSR관리대상여부 | P115: =VLOOKUP(L115,$C$11:$D$152,1,FALSE) -> R0112
A116: =ROW()-3 -> 113 | B116: RCLIPS | C116: R0097 | D116: 기존중고차잔액 | E116: Numeric | F116: 15 | G116: 결과항목 | H116: =VLOOKUP(C116,$L$10:$N$135,2,FALSE) -> #N/A | L116: R0121 | M116: sDSR관리대상구분코드 | P116: =VLOOKUP(L116,$C$11:$D$152,1,FALSE) -> R0121
A117: =ROW()-3 -> 114 | B117: RCLIPS | C117: R0098 | D117: 기존대환론잔액 | E117: Numeric | F117: 15 | G117: 결과항목 | H117: =VLOOKUP(C117,$L$10:$N$135,2,FALSE) -> #N/A | L117: R0123 | M117: 신용대출1억원초과여부 | P117: =VLOOKUP(L117,$C$11:$D$152,1,FALSE) -> #N/A
... A119: =ROW()-3 -> 116 | B119: RCLIPS | C119: R0100 | D119: 기존SY채권잔액 | E119: Numeric | F119: 15 | G119: 결과항목 | H119: =VLOOKUP(C119,$L$10:$N$135,2,FALSE) -> #N/A | L119: R0125 | M119: 금리결합CB1등급 | P119: =VLOOKUP(L119,$C$11:$D$152,1,FALSE) -> #N/A
A120: =ROW()-3 -> 117 | B120: RCLIPS | C120: R0106 | D120: 증감액구분 | G120: 결과항목 | H120: =VLOOKUP(C120,$L$10:$N$135,2,FALSE) -> #N/A | L120: R0126 | M120: 금리결합CB2등급 | P120: =VLOOKUP(L120,$C$11:$D$152,1,FALSE) -> #N/A
A121: =ROW()-3 -> 118 | B121: RCLIPS | C121: R0107 | D121: 신상품대상구분코드 | G121: 결과항목 | H121: =VLOOKUP(C121,$L$10:$N$135,2,FALSE) -> 카드론우대대상구분코드 | L121: R0127 | M121: 금리신결합CB등급 | P121: =VLOOKUP(L121,$C$11:$D$152,1,FALSE) -> #N/A
A122: =ROW()-3 -> 119 | B122: RCLIPS | C122: R0108 | D122: 고소득자여부 | G122: 결과항목 | H122: =VLOOKUP(C122,$L$10:$N$135,2,FALSE) -> #N/A | L122: R0128 | M122: 금리기여도등급구분코드 | P122: =VLOOKUP(L122,$C$11:$D$152,1,FALSE) -> #N/A
A123: =ROW()-3 -> 120 | B123: RCLIPS | C123: R0109 | D123: DSR임시소득 | E123: Numeric | F123: 15 | G123: 결과항목 | H123: =VLOOKUP(C123,$L$10:$N$135,2,FALSE) -> #N/A | L123: R0129 | M123: 금리리스크등급구분코드 | P123: =VLOOKUP(L123,$C$11:$D$152,1,FALSE) -> #N/A
A124: =ROW()-3 -> 121 | B124: RCLIPS | C124: R0110 | D124: DSR용_대출잔액 | E124: Numeric | F124: 15 | G124: 결과항목 | H124: =VLOOKUP(C124,$L$10:$N$135,2,FALSE) -> #N/A | L124: Z6001 | M124: 이지신용대출한도금액 | P124: =VLOOKUP(L124,$C$11:$D$152,1,FALSE) -> #N/A
A125: =ROW()-3 -> 122 | B125: RCLIPS | C125: R0111 | D125: 금소법용_대출잔액 | E125: Numeric | F125: 15 | G125: 결과항목 | H125: =VLOOKUP(C125,$L$10:$N$135,2,FALSE) -> 부채합계금액 | I125: 금융소비자보호법 안내용 | L125: Z6002 | M125: 이지신용대출탈락사유 | P125: =VLOOKUP(L125,$C$11:$D$152,1,FALSE) -> #N/A
A126: =ROW()-3 -> 123 | B126: RCLIPS | C126: R0112 | D126: DSR관리대상자여부 | G126: 결과항목 | H126: =VLOOKUP(C126,$L$10:$N$135,2,FALSE) -> DSR관리대상여부 | I126: 금감원 DSR산출용 | J126: 기존 모든대출의 합산으로 계산 | L126: Z6003 | M126: 이지신용대출탈락코드내용 | P126: =VLOOKUP(L126,$C$11:$D$152,1,FALSE) -> #N/A
A127: =ROW()-3 -> 124 | B127: RCLIPS | C127: R0113 | D127: CSM연소득금액_실시간 | E127: Numeric | F127: 15 | G127: 결과항목 | H127: =VLOOKUP(C127,$L$10:$N$135,2,FALSE) -> #N/A | L127: Z6004 | M127: 이지신용대출기간수 | P127: =VLOOKUP(L127,$C$11:$D$152,1,FALSE) -> #N/A
A128: =ROW()-3 -> 125 | B128: RCLIPS | C128: R0114 | D128: 최대추정소득_실시간 | E128: Numeric | F128: 15 | G128: 결과항목 | H128: =VLOOKUP(C128,$L$10:$N$135,2,FALSE) -> #N/A | L128: Z6005 | M128: 이지신용대출거치기간수 | P128: =VLOOKUP(L128,$C$11:$D$152,1,FALSE) -> #N/A
A129: =ROW()-3 -> 126 | B129: RCLIPS | C129: R0115 | D129: 한도제한용소득_실시간 | E129: Numeric | F129: 15 | G129: 결과항목 | H129: =VLOOKUP(C129,$L$10:$N$135,2,FALSE) -> #N/A | L129: Z6006 | M129: 이지신용대출이율 | P129: =VLOOKUP(L129,$C$11:$D$152,1,FALSE) -> #N/A
A130: =ROW()-3 -> 127 | B130: RCLIPS | C130: R0116 | D130: DSR관리대상내최대한도 | E130: Numeric | F130: 15 | G130: 결과항목 | H130: =VLOOKUP(C130,$L$10:$N$135,2,FALSE) -> #N/A | L130: Z6007 | M130: 이지신용대출전환대상구분코드 | P130: =VLOOKUP(L130,$C$11:$D$152,1,FALSE) -> #N/A
A131: =ROW()-3 -> 128 | B131: RCLIPS | C131: R0117 | D131: DSR제한한도_일반 | E131: Numeric | F131: 15 | G131: 결과항목 | H131: =VLOOKUP(C131,$L$10:$N$135,2,FALSE) -> #N/A | L131: Z6008 | M131: 이지신용DSR제한한도일반금액 | P131: =VLOOKUP(L131,$C$11:$D$152,1,FALSE) -> #N/A
A132: =ROW()-3 -> 129 | B132: RCLIPS | C132: R0118 | D132: DSR제한한도_관리대상 | E132: Numeric | F132: 15 | G132: 결과항목 | H132: =VLOOKUP(C132,$L$10:$N$135,2,FALSE) -> #N/A | L132: Z6009 | M132: 이지신용DSR제한한도관리대상값 | P132: =VLOOKUP(L132,$C$11:$D$152,1,FALSE) -> #N/A
...

Sheet RCLIPS송신(일사천리론)_최종
A1: Seq | B1: RCLIPS코드 | C1: 속성 | D1: 길이 | E1: R클립스_항목명 | F1: 구분 | G1: R클립스_비고 | H1: 원천정보그룹 | I1: 원천정보(원본) | J1: MDD_호출CPBI/EBI | K1: MDD_항목명 | L1: CB사 항목코드 | M1: CB사 전문번호 | N1: BITMAP | O1: 변경구분 | P1: 비고2(개발팀)
A2: =ROW()-1 -> 1 | B2: A1001 | C2: Character | D2: 2 | E2: 상품코드 | F2: 내부항목 | G2: 비회원 = '18' | I2: GEA심사사전정보내역 | J2: i신용대출RCLIPS전문조립C | K2: 카드론평가상품구분코드 | L2: N/A
A3: =ROW()-1 -> 2 | B3: A1002 | C3: Numeric | D3: 9 | E3: 대출신청금액 | F3: 내부항목 | G3: '17.12 삭제 | I3: #N/A | J3: 삭제 | K3: 삭제 | L3: N/A | O3: 삭제 | P3: 20190325이전기삭제됨
A4: =ROW()-1 -> 3 | B4: A1003 | C4: Numeric | D4: 9 | E4: 대출희망기간 | F4: 내부항목 | G4: '17.12 삭제 | I4: #N/A | J4: 삭제 | K4: 삭제 | L4: N/A | O4: 삭제 | P4: 20190325이전기삭제됨
A5: =ROW()-1 -> 4 | B5: A1004 | C5: Numeric | D5: 9 | E5: 연령 | F5: 내부항목 | G5: 24세 이하 소득유의고객 | I5: GEA심사사전정보내역 | J5: i신용대출RCLIPS전문조립C | K5: 주민등록번호 | L5: N/A
A6: =ROW()-1 -> 5 | B6: A1005 | C6: Character | D6: 1 | E6: 외국인여부 | F6: 내부항목 | I6: GEA심사사전정보내역 | J6: 현재일자기준대출심사모형사전조회출력Dto | K6: 고객고유번호구분코드 | L6: +주민등록번호 5.6.7.8
A7: =ROW()-1 -> 6 | B7: A1006 | C7: Character | D7: 14 | E7: 접수번호 | F7: 내부항목 | I7: GEA심사사전정보내역 | J7: i신용대출RCLIPS전문조립C | K7: 카드론신청서접수번호 | L7: N/A
A8: =ROW()-1 -> 7 | B8: A1007 | C8: Character | D8: 2 | E8: 상품코드 | J8: i이지론플러스대출RCLIPS전문조립C | K8: 상품코드 | P8: A0002
A9: =ROW()-1 -> 8 | B9: A1008 | C9: Character | D9: 2 | E9: 신용대출심사결과 | J9: r신용대출심사결과조회E | K9: 대출평가결과구분코드 | P9: A0005
A10: =ROW()-1 -> 9 | B10: A2001 | C10: Character | D10: 1 | E10: 여신연체고객(KB 국민은행정보) | F10: 내부항목 | G10: KB카드실시간KO IN ('013') | I10: GEA심사사전정보내역 | J10: 현재일자기준대출심사모형사전조회출력Dto | K10: 013 | L10: N/A
A11: =ROW()-1 -> 10 | B11: A2002 | C11: Character | D11: 1 | E11: 신용카드 거래정지 등록고객 | F11: 내부항목 | G11: KB카드실시간KO IN ('006'), 회원별거래정지중 탈회는 재확인 필요 별도코드 신설 검토 | I11: GEA심사사전정보내역 | J11: 현재일자기준대출심사모형사전조회출력Dto | K11: 006 | L11: N/A
A12: =ROW()-1 -> 11 | B12: A2003 | C12: Character | D12: 1 | E12: 신용관리대상 및 당행정보관리 등재고객(KB 국민은행 정보) | F12: 내부항목 | G12: KB카드실시간KO IN ('014') | I12: GEA심사사전정보내역 | J12: 현재일자기준대출심사모형사전조회출력Dto | K12: 014 | L12: IF (불가사유코드_V3 = 014) THEN 0 ELSE 1 END
A13: =ROW()-1 -> 12 | B13: A2004 | C13: Character | D13: 1 | E13: NICE 타사연체정보 보유고객(신용정보) | F13: 내부항목 | G13: KB카드실시간KO IN ('118') | I13: GEA심사사전정보내역 | J13: 현재일자기준대출심사모형사전조회출력Dto | K13: 118 | L13: N/A
A14: =ROW()-1 -> 13 | B14: A2005 | C14: Character | D14: 1 | E14: KCB 타사연체정보 보유고객(신용정보) | F14: 내부항목 | G14: KB카드실시간KO IN ('012') | I14: GEA심사사전정보내역 | J14: 현재일자기준대출심사모형사전조회출력Dto | K14: 012 | L14: N/A
A15: =ROW()-1 -> 14 | B15: A2006 | C15: Character | D15: 1 | E15: 사망실종 고객(고객정보) | F15: 내부항목 | G15: KB카드실시간KO IN ('001') | I15: GEA심사사전정보내역 | J15: 현재일자기준대출심사모형사전조회출력Dto | K15: 001 | L15: N/A
A16: =ROW()-1 -> 15 | B16: A2007 | C16: Character | D16: 1 | E16: 거래주의보정보 등록고객(고객정보) | F16: 내부항목 | G16: KB카드실시간KO IN ('003') | I16: GEA심사사전정보내역 | J16: 현재일자기준대출심사모형사전조회출력Dto | K16: 003 | L16: N/A
A17: =ROW()-1 -> 16 | B17: A2008 | C17: Character | D17: 1 | E17: 워크아웃 등록고객 | F17: 내부항목 | G17: KB카드실시간KO IN ('005') | I17: GEA심사사전정보내역 | J17: 현재일자기준대출심사모형사전조회출력Dto | K17: 005 | L17: N/A
A18: =ROW()-1 -> 17 | B18: A2009 | C18: Character | D18: 1 | E18: 장기카드대출 연체고객 | F18: 내부항목 | G18: KB카드실시간KO IN ('008') | I18: GEA심사사전정보내역 | J18: 현재일자기준대출심사모형사전조회출력Dto | K18: 008 | L18: N/A
A19: =ROW()-1 -> 18 | B19: A2010 | C19: Character | D19: 1 | E19: 요주의 등록고객(신용정보) | F19: 내부항목 | G19: KB카드실시간KO IN ('009') | I19: GEA심사사전정보내역 | J19: 현재일자기준대출심사모형사전조회출력Dto | K19: 009 | L19: N/A
A20: =ROW()-1 -> 19 | B20: A2011 | C20: Character | D20: 1 | E20: 신용불량 채무관계제한 등록고객(신용정보) | F20: 내부항목 | G20: KB카드실시간KO IN ('010') | I20: GEA심사사전정보내역 | J20: 현재일자기준대출심사모형사전조회출력Dto | K20: 010 | L20: N/A
A21: =ROW()-1 -> 20 | B21: A2012 | C21: Character | D21: 1 | E21: 은행 사전채무조정 신청자 및 확정자 등록고객(KB 국민은행 정보) | F21: 내부항목 | G21: KB카드실시간KO IN ('015') | I21: GEA심사사전정보내역 | J21: 현재일자기준대출심사모형사전조회출력Dto | K21: 015 | L21: N/A
A22: =ROW()-1 -> 21 | B22: A2013 | C22: Character | D22: 1 | E22: 고객기본정보 구분코드 오류(고객정보) | F22: 내부항목 | G22: KB카드실시간KO IN ('016') | I22: GEA심사사전정보내역 | J22: 현재일자기준대출심사모형사전조회출력Dto | K22: 016 | L22: N/A
A23: =ROW()-1 -> 22 | B23: A2014 | C23: Numeric | D23: 15 | E23: 카드론대출잔액 | F23: 내부항목 | I23: GEA심사사전정보내역 | J23: 현재일자기준대출심사모형사전조회출력Dto | K23: 카드론대출잔액 | L23: N/A
A24: =ROW()-1 -> 23 | B24: A2015 | C24: Numeric | D24: 15 | E24: 오토론대출잔액 | F24: 내부항목 | I24: GEA심사사전정보내역 | J24: 현재일자기준대출심사모형사전조회출력Dto | K24: 오토론대출잔액 | L24: N/A
A25: =ROW()-1 -> 24 | B25: A2016 | C25: Numeric | D25: 15 | E25: 신용대출잔액 | F25: 내부항목 | I25: GEA심사사전정보내역 | J25: 현재일자기준대출심사모형사전조회출력Dto | K25: 신용대출잔액 | L25: N/A
A26: =ROW()-1 -> 25 | B26: A2017 | C26: Numeric | D26: 15 | E26: 대환론대출잔액 | F26: 내부항목 | I26: GEA심사사전정보내역 | J26: 현재일자기준대출심사모형사전조회출력Dto | K26: 대환론대출잔액 | L26: N/A
A27: =ROW()-1 -> 26 | B27: A2018 | C27: Numeric | D27: 15 | E27: 순수 비회원 신용대출 잔액 | F27: 내부항목 | G27: KHC 추가 필요 항목 | I27: GEA심사사전정보내역 | J27: 현재일자기준대출심사모형사전조회출력Dto | K27: 순수비회원신용대출잔액_N15 | L27: N/A
A28: =ROW()-1 -> 27 | B28: A2019 | C28: Numeric | D28: 15 | E28: 당사 신용카드 잔액 | F28: 내부항목 | I28: GEA심사사전정보내역 | J28: 현재일자기준대출심사모형사전조회출력Dto | K28: bd당사신용카드잔액 | L28: N/A
A29: =ROW()-1 -> 28 | B29: A2020 | C29: Character | D29: 1 | E29: 유효회원여부 | F29: 내부항목 | I29: GEA심사사전정보내역 | J29: 현재일자기준대출심사모형사전조회출력Dto | K29: KB카드유효회원여부 | L29: N/A
A30: =ROW()-1 -> 29 | B30: A2021 | C30: Character | D30: 1 | E30: 유효고객여부 | F30: 내부항목 | I30: GEA심사사전정보내역 | J30: 현재일자기준대출심사모형사전조회출력Dto | K30: KB카드유효고객여부 | L30: N/A
A31: =ROW()-1 -> 30 | B31: A2022 | C31: Character | D31: 1 | E31: 신용카드소지여부 | F31: 내부항목 | I31: GEA심사사전정보내역 | J31: 현재일자기준대출심사모형사전조회출력Dto | K31: 유효신용카드소지여부 | L31: N/A
A32: =ROW()-1 -> 31 | B32: A2023 | C32: Character | D32: 1 | E32: 체크카드보유여부 | F32: 내부항목 | I32: GEA심사사전정보내역 | J32: 현재일자기준대출심사모형사전조회출력Dto | K32: 유효체크카드소지여부 | L32: N/A
A33: =ROW()-1 -> 32 | B33: A2024 | C33: Character | D33: 1 | E33: 가맹점대표자여부 | F33: 내부항목 | I33: GEA심사사전정보내역 | J33: 현재일자기준대출심사모형사전조회출력Dto | K33: 가맹점대표자여부 | L33: N/A
A34: =ROW()-1 -> 33 | B34: A2025 | C34: Character | D34: 2 | E34: 가맹점주등급 | F34: 내부항목 | I34: GEA심사사전정보내역 | J34: 미정 | K34: 미정 | L34: N/A | P34: TOBE에 적용되지 않음 - TSMEDSB11(tobe에 카드심사업무에서 만들것임), VSTAFB036->THKBBGY21->TBGDBC001 (가맹점 이미영b)
A35: =ROW()-1 -> 34 | B35: A2026 | C35: Numeric | D35: 15 | E35: 최근 6개월 가맹점 매출액 | F35: 내부항목 | I35: GEA심사사전정보내역 | J35: 현재일자기준대출심사모형사전조회출력Dto | K35: 최근6개월가맹점매출금액 | L35: N/A | P35: TOBE에 적용되지 않음 - TSTAFTH08->TBGEAA216, VSTAFB036->THKBBGY21->TBGDBC001 (가맹점 이미영b)
A36: =ROW()-1 -> 35 | B36: A2027 | C36: Numeric | D36: 15 | E36: 당사 CA 잔액 | F36: 내부항목 | I36: GEA심사사전정보내역 | J36: 현재일자기준대출심사모형사전조회출력Dto | K36: bdCA잔액 | L36: N/A
A37: =ROW()-1 -> 36 | B37: A2028 | C37: Numeric | D37: 15 | E37: 당사 RLS이월잔액 | F37: 내부항목 | I37: GEA심사사전정보내역 | J37: 현재일자기준대출심사모형사전조회출력Dto | K37: RLS이월금액_N15 | L37: N/A
A38: =ROW()-1 -> 37 | B38: A2029 | C38: Numeric | D38: 15 | E38: 당사 RCA이월잔액 | F38: 내부항목 | I38: GEA심사사전정보내역 | J38: 현재일자기준대출심사모형사전조회출력Dto | K38: RCA이월금액_N15 | L38: N/A
A39: =ROW()-1 -> 38 | B39: A2030 | C39: Numeric | D39: 15 | E39: 매입할부금융잔액 | F39: 내부항목 | I39: GEA심사사전정보내역 | J39: 현재일자기준대출심사모형사전조회출력Dto | K39: 매입할부금융잔액_N15 | L39: N/A
A40: =ROW()-1 -> 39 | B40: A2031 | C40: Numeric | D40: 15 | E40: 부채증명서 발급 경과일수 (단위: 일) | F40: 내부항목 | I40: GEA심사사전정보내역 | J40: 현재일자기준대출심사모형사전조회출력Dto | K40: 부채증명서발급경과일수 | L40: N/A
A41: =ROW()-1 -> 40 | B41: A2032 | C41: Numeric | D41: 15 | E41: 쉬프트론대출잔액 | F41: 내부항목 | I41: GEA심사사전정보내역 | J41: 현재일자기준대출심사모형사전조회출력Dto | K41: 전환대출잔액_N15 | L41: N/A
A42: =ROW()-1 -> 41 | B42: A2033 | C42: Character | D42: 3 | E42: 대출광고제휴업체구분코드 | F42: 내부항목 | G42: A01' : 카뱅 | J42: i신용대출RCLIPS전문조립C | K42: 카드론거래매체구분코드 | L42: N/A | O42: 변경(대출광고제휴업체구분코드->카드론거래매체구분코드)
A43: =ROW()-1 -> 42 | B43: A2034 | C43: Character | D43: 1 | E43: 우대한도소득충족여부 | F43: 내부항목 | G43: 건보료 스크래핑 우대 한도 여부 (유지수 대리 쪽에서 만들어서 넣어줌) | J43: i신용대출RCLIPS전문조립C | K43: 우대한도소득기준충족여부 | L43: N/A
A44: =ROW()-1 -> 43 | B44: A2035 | C44: Numeric | D44: 15 | E44: 중고차할부금융잔액 | F44: 내부항목 | G44: 20190320 추가 | I44: GEA심사사전정보내역 | J44: 현재일자기준대출심사모형사전조회출력Dto | K44: 중고차대출잔액 | L44: N/A | O44: 변경 | P44: 20190514 세팅항목확정
A45: =ROW()-1 -> 44 | B45: A2036 | C45: Numeric | D45: 15 | E45: 스크래핑소득_건보 | F45: 내부항목 | G45: 20190320 추가 | J45: r스크래핑건강보험최종소득금액조회E | K45: 스크래핑건강보험최종소득금액_N15
A46: =ROW()-1 -> 45 | B46: A2037 | C46: Numeric | D46: 15 | E46: 스크래핑소득_국세청 | F46: 내부항목 | G46: 20190320 추가 | J46: r스크래핑국세청최종소득금액조회E | K46: 스크래핑국세청최종소득금액_N15
A47: =ROW()-1 -> 46 | B47: A2038 | C47: Numeric | D47: 15 | E47: 원리금상환금액_신정원 | F47: KFOB | G47: 20200109 추가 | I47: KFOB | J47: r한국신용정보대출현금서비스DSR정보조회C | K47: 신DTI연간추정금액
A48: =ROW()-1 -> 47 | B48: A2039 | C48: Numeric | D48: 2 | E48: DSR규제대상주담대구분 | F48: KFOB | G48: 20191220 추가 | I48: KFOB | J48: r한국신용정보대출현금서비스DSR정보조회C | K48: 표준DSR업권코드
A49: =ROW()-1 -> 48 | B49: A2040 | C49: Numeric | D49: 15 | E49: 신용대출잔액_신정원 | F49: KFOB | I49: KFOB | J49: r한국신용정보대출현금서비스DSR정보조회C | K49: 한신정신용대출잔액_N15
A50: =ROW()-1 -> 49 | B50: A2041 | C50: Numeric | D50: 15 | E50: 국민은행N6M수신평잔 | J50: 현재일자기준대출심사모형사전조회출력Dto | K50: 최근6개월수신평잔
A51: =ROW()-1 -> 50 | B51: A2042 | C51: Numeric | D51: 15 | E51: 스크래핑소득_제휴채널 | H51: input값 | J51: i신용대출RCLIPS전문조립C | K51: 연소득금액 | L51: [i신용대출RCLIPS전문조립C].[연소득금액] / 12 | P51: 12, "16", "62", "66", "67", "69"
A52: =ROW()-1 -> 51 | B52: A2043 | C52: Character | D52: 2 | E52: 혜택가맹점구분 | F52: 내부항목 | I52: TBGEAA217 | J52: r비회원사전대상자내역기간조회E | K52: 혜택가맹점구분코드
A53: =ROW()-1 -> 52 | B53: A2044 | C53: Numeric | D53: 3 | E53: 혜택가맹점할인율 | F53: 내부항목 | I53: TBGEAA217 | J53: r비회원사전대상자내역기간조회E | K53: 혜택가맹점할인율
A54: =ROW()-1 -> 53 | B54: A2045 | C54: Numeric | D54: 5 | E54: 사업자등록경과일수 | F54: 내부항목 | I54: TBGEAA217 | J54: r비회원사전대상자내역기간조회E | K54: 사업자등록경과일수
A55: =ROW()-1 -> 54 | B55: A2046 | C55: Character | D55: 1 | E55: 개인사업자여부 | F55: 내부항목 | I55: TBGEAA217 | J55: r비회원사전대상자내역기간조회E | K55: 개인사업자여부
A56: =ROW()-1 -> 55 | B56: A2047 | C56: Character | D56: 1 | E56: 소호고객여부 | F56: 내부항목 | I56: TBGEAA217 | J56: r비회원사전대상자내역기간조회E | K56: 소호고객여부
A57: =ROW()-1 -> 56 | B57: A2048 | C57: Character | D57: 1 | E57: 소호특화등급산정대상여부 | F57: 내부항목 | I57: TBGEAA217 | J57: r비회원사전대상자내역기간조회E | K57: 소호특화등급산정대상여부
A58: =ROW()-1 -> 57 | B58: A2049 | C58: Character | D58: 2 | E58: 소호특화가중치구분코드 | F58: 내부항목 | I58: TBGEAA217 | J58: r비회원사전대상자내역기간조회E | K58: 소호특화가중치구분코드
A59: =ROW()-1 -> 58 | B59: A2050 | C59: Numeric | D59: 5 | E59: 소호특화통합평가점수 | F59: 내부항목 | I59: TBGEAA217 | J59: r비회원사전대상자내역기간조회E | K59: 소호특화통합평가점수
A60: =ROW()-1 -> 59 | B60: A2051 | C60: Character | D60: 2 | E60: 소호특화통합등급구분코드 | F60: 내부항목 | I60: TBGEAA217 | J60: r비회원사전대상자내역기간조회E | K60: 소호특화통합등급구분코드
A61: =ROW()-1 -> 60 | B61: A2052 | C61: Numeric | D61: 5 | E61: 가맹점신규경과월수 | F61: 내부항목 | I61: TBGEAA217 | J61: r비회원사전대상자내역기간조회E | K61: 가맹점신규경과월수
A62: =ROW()-1 -> 61 | B62: A2053 | C62: Numeric | D62: 15 | E62: N3M1M평균매출액변동률 | F62: 내부항목 | I62: TBGEAA217 | J62: r비회원사전대상자내역기간조회E | K62: N3M1M평균매출액변동률
A63: =ROW()-1 -> 62 | B63: A2054 | C63: Numeric | D63: 15 | E63: N6M3M평균매출액변동률 | F63: 내부항목 | I63: TBGEAA217 | J63: r비회원사전대상자내역기간조회E | K63: N6M3M평균매출액변동률
A64: =ROW()-1 -> 63 | B64: A2055 | C64: Numeric | D64: 15 | E64: 비회원신용대출건수 | J64: 현재일자기준대출심사모형사전조회출력Dto | K64: 비회원신용대출건수_N9
A65: =ROW()-1 -> 64 | B65: A2056 | C65: Numeric | D65: 15 | E65: 연소득금액(고객입력) | H65: input값 | J65: i신용대출RCLIPS전문조립C | K65: 고객입력연소득금액_N15
A66: =ROW()-1 -> 65 | B66: A2057 | C66: Character | D66: 1 | E66: 건강보험가입자구분코드 | J66: r스크래핑건강보험최종소득금액조회E | K66: 건강보험가입자구분코드
A67: =ROW()-1 -> 66 | B67: A2060 | C67: Numeric | D67: 15 | E67: 국은6개월신탁평잔 | F67: 내부항목 | I67: TBGEAA217 | J67: r비회원사전대상자내역기간조회E | K67: KB국민은행6개월신탁평잔
A68: =ROW()-1 -> 67 | B68: A2061 | C68: Numeric | D68: 15 | E68: 국은6개월방카평잔 | F68: 내부항목 | I68: TBGEAA217 | J68: r비회원사전대상자내역기간조회E | K68: KB국민은행6개월방카슈랑스평잔
A69: =ROW()-1 -> 68 | B69: A2062 | C69: Numeric | D69: 15 | E69: 기업대출한도 | F69: 내부항목 | I69: TBGEAA001 | J69: r대출가능개월수월별원리금조회C | K69: 대출가능금액(25)
A70: =ROW()-1 -> 69 | B70: A2063 | C70: Numeric | D70: 15 | E70: 기업대출금액 | J70: 현재일자기준대출심사모형사전조회출력Dto | K70: 개인사업자대출잔액_N15
A71: =ROW()-1 -> 70 | B71: A2064 | C71: Numeric | D71: 15 | E71: 이지대환대출한도 | F71: 내부항목 | I71: TBGEAA001 | J71: r대출가능개월수월별원리금조회C | K71: 대출가능금액(26)
A72: =ROW()-1 -> 71 | B72: A2065 | C72: Numeric | D72: 15 | E72: 이지대환대출금액 | J72: 현재일자기준대출심사모형사전조회출력Dto | K72: 이지대환대출잔액_N15
A73: =ROW()-1 -> 72 | B73: A2066 | C73: S | D73: 1 | E73: 상생대출신청여부 | J73: i신용대출RCLIPS전문조립C | K73: 상생대출신청여부_V1
A74: =ROW()-1 -> 73 | B74: A2067 | C74: N | D74: 15 | E74: 이지론한도 | F74: 내부항목 | I74: TBGEAA209 | J74: r신용회원사전대상자내역기간조회E | K74: 이지론한도금액
A75: =ROW()-1 -> 74 | B75: A2068 | C75: S | D75: 15 | E75: 이지론탈락사유내용 | F75: 내부항목 | I75: TBGEAA209 | J75: r신용회원사전대상자내역기간조회E | K75: 이지론탈락사유내용
A76: =ROW()-1 -> 75 | B76: A2069 | C76: N | D76: 15 | E76: 누리론한도 | F76: 내부항목 | I76: TBGEAA209 | J76: r신용회원사전대상자내역기간조회E | K76: 이지누리론한도금액
A77: =ROW()-1 -> 76 | B77: A2070 | C77: S | D77: 2 | E77: 카드론신규등급구분 | F77: 내부항목 | I77: TBGEAA209 | J77: r신용회원사전대상자내역기간조회E | K77: 카드론신규등급구분코드
A78: =ROW()-1 -> 77 | B78: A2071 | C78: S | D78: 2 | E78: 카드론회원세그먼트구분 | F78: 내부항목 | I78: TBGEAA209 | J78: r신용회원사전대상자내역기간조회E | K78: 회원세그먼트구분코드
A79: =ROW()-1 -> 78 | B79: A2072 | C79: N | D79: 15 | E79: 이지론플러스한도 | F79: 내부항목 | I79: TBGEAA210 | J79: r체크회원사전대상자내역기간조회E | K79: 이지론플러스한도금액
A80: =ROW()-1 -> 79 | B80: A2073 | C80: S | D80: 60 | E80: 이지론플러스탈락사유 | F80: 내부항목 | I80: TBGEAA210 | J80: r체크회원사전대상자내역기간조회E | K80: 이지론플러스탈락사유
A81: =ROW()-1 -> 80 | B81: A2074 | C81: S | D81: 1 | E81: 대출상환유예차주여부 | J81: r카드론상환유예건수조회E | K81: 유예건수_N13 | L81: [유예건수_N13] > 0 , 1
A82: =ROW()-1 -> 81 | B82: A2075 | C82: S | D82: 2 | E82: 채널구분 | K82: SDT채널구분코드 | P82: A1045
A83: =ROW()-1 -> 82 | B83: A2076 | C83: S | D83: 2 | E83: 채널세부구분 | K83: 채널세부구분 | P83: A1051
A84: =ROW()-1 -> 83 | B84: A2078 | C84: S | D84: 2 | E84: 가맹점주등급 | I84: GEA심사사전정보내역 | J84: 현재일자기준대출심사모형사전조회출력Dto | K84: 가맹점주등급구분코드 | P84: A1017
A85: =ROW()-1 -> 84 | B85: A2079 | C85: N | D85: 15 | E85: TotalCredit | I85: GEA심사사전정보내역 | J85: 박힌값 | K85: 0 | P85: A1031
A86: =ROW()-1 -> 85 | B86: A2080 | C86: N | D86: 15 | E86: TotalCredit_잔여한도 | I86: GEA심사사전정보내역 | J86: 박힌값 | K86: 0 | P86: A1032
A87: =ROW()-1 -> 86 | B87: A2081 | C87: S | D87: 1 | E87: 예외승인여부 | I87: GEA심사사전정보내역 | J87: 0 | K87: 예외승인대상여부_V1 | P87: A1033
A88: =ROW()-1 -> 87 | B88: A2082 | C88: S | D88: 2 | E88: 신용BSS모형구분 | I88: GEA심사사전정보내역 | J88: 현재일자기준대출심사모형사전조회출력Dto | K88: 신용BSS모형구분 | P88: A1036
A89: =ROW()-1 -> 88 | B89: A2083 | C89: S | D89: 2 | E89: 플러스론금리등급구분코드 | I89: GEA심사사전정보내역 | J89: 현재일자기준대출심사모형사전조회출력Dto | K89: 카드론금리등급구분코드 | P89: A1037
A90: =ROW()-1 -> 89 | B90: A2084 | C90: N | D90: 15 | E90: 플러스론한도금액 | I90: GEA심사사전정보내역 | J90: 현재일자기준대출심사모형사전조회출력Dto | K90: 카드론한도금액 | P90: A1038
A91: =ROW()-1 -> 90 | B91: A2085 | C91: N | D91: 15 | E91: 플러스론일시상환한도금액 | I91: GEA심사사전정보내역 | J91: 현재일자기준대출심사모형사전조회출력Dto | K91: 일시상환한도금액 | P91: A1039
A92: =ROW()-1 -> 91 | B92: A2086 | C92: N | D92: 15 | E92: 플러스론분할상환대출기간수 | I92: GEA심사사전정보내역 | J92: 현재일자기준대출심사모형사전조회출력Dto | K92: 분할상환대출기간수 | P92: A1040
A93: =ROW()-1 -> 92 | B93: A2087 | C93: N | D93: 15 | E93: 플러스론거치기간수 | I93: GEA심사사전정보내역 | J93: 현재일자기준대출심사모형사전조회출력Dto | K93: 거치기간수 | P93: A1041
A94: =ROW()-1 -> 93 | B94: A2088 | C94: S | D94: 9 | E94: N6개월정상매출건수여부 | J94: rGAF_MDT개인사업자CB타영역공용집계내역조회E | K94: N6개월정상매출건수여부
A95: =ROW()-1 -> 94 | B95: A2089 | C95: N | D95: 9 | E95: 사업체실적머신러닝평점 | J95: rGAF_MDT개인사업자CB타영역공용집계내역조회E | K95: 사업체실적머신러닝평점
A96: =ROW()-1 -> 95 | B96: A2090 | C96: N | D96: 9 | E96: 그룹실적BSS평점 | J96: rGAF_MDT개인사업자CB타영역공용집계내역조회E | K96: 그룹실적BSS평점
A97: =ROW()-1 -> 96 | B97: A2091 | C97: N | D97: 9 | E97: 스크래핑소득_국민연금환산 | I97: KFOB | J97: r스크래핑국민연금최종소득금액조회E | K97: 스크래핑국민연금최종소득금액_N15
A98: =ROW()-1 -> 97 | B98: A2092 | C98: N | D98: 9 | E98: 스크래핑소득_공무원연금환산 | I98: KFOB | J98: r스크래핑공무원연금최종소득금액조회E | K98: 스크래핑공무원연금최종소득금액_N15
A99: =ROW()-1 -> 98 | B99: A3001 | C99: Numeric | D99: 9 | E99: 전은연 미상환 계좌별 은행업권 주택담보대출 총건수 | F99: NICE | H99: NICE | I99: GEA_NICE신용요약정보상세전문 | K99: 은행연합회은행업권주택담보대출총건수_N5 | L99: LC0025008 | M99: 1F003 | N99: 62
A100: =ROW()-1 -> 99 | B100: A3002 | C100: Numeric | D100: 9 | E100: 전은연 미상환 계좌별 은행업권 주택외 부동산담보대출 총건수 | F100: NICE | H100: NICE | I100: GEA_NICE신용요약정보상세전문 | K100: 은행연합회은행업권주택외담보대출총건수_N5 | L100: LC0025009 | M100: 1F003 | N100: 62
...

Sheet RCLIPS수신(일사천리론)_최종
A1: < 중금리론(일사천리론) >
A2: * RCLIPS → 처리계
A3: NO | B3: 원천구분 | C3: R-Clips 코드 | D3: 항목명 | E3: 형식 | F3: 길이 | G3: 구분 | H3: 변경구분 | I3: 컬럼명 | J3: 비고(NEW) | K3: 비고(OLD)
A4: =ROW()-3 -> 1 | B4: RCLIPS | D4: 기준년월 | E4: String | O4: : 삭제
A5: =ROW()-3 -> 2 | B5: RCLIPS | D5: 접수번호 | E5: String | F5: 14 | O5: : 신규 추가
A6: =ROW()-3 -> 3 | B6: RCLIPS | D6: 고객식별자 | E6: String | F6: 10 | O6: : 변경
A7: =ROW()-3 -> 4 | B7: RCLIPS | D7: 회원일련번호 | E7: String | F7: 8
A8: =ROW()-3 -> 5 | B8: RCLIPS | D8: 결과코드 | E8: String | F8: 20 | G8: 결과코드 | J8: 0000이 아닐 경우 오류 | K8: 0000이 아닐 경우 오류 // 추가_20180917
A9: =ROW()-3 -> 6 | B9: RCLIPS | D9: 결과항목(코드5+값80) 반복 건수 | E9: Numeric | F9: 20 | G9: 결과건수 | J9: 신규추가 | K9: 신규추가 (코드5+값15) // 추가_20180917
A10: =ROW()-3 -> 7 | B10: RCLIPS | C10: R0001 | D10: 상품코드 | E10: C | F10: 15 | G10: 결과항목 | I10: 저장안함 | J10: [i카드론신청서접수번호신규조회E].[카드론평가상품구분코드] input값 저장, 카드론평가상품구분코드
A11: =ROW()-3 -> 8 | B11: RCLIPS | C11: R0002 | D11: 신청평점 | E11: N | F11: 15 | G11: 결과항목 | I11: 대출신청평점
A12: =ROW()-3 -> 9 | B12: RCLIPS | C12: R0003 | D12: 신청등급 | E12: N | F12: 15 | G12: 결과항목 | I12: 신청등급코드 s신청등급
A13: =ROW()-3 -> 10 | B13: RCLIPS | C13: R0004 | D13: 결합등급 | E13: N | F13: 15 | G13: 결과항목 | I13: 결합등급코드 s결합등급
A14: =ROW()-3 -> 11 | B14: RCLIPS | C14: R0005 | D14: 전략등급 | E14: C | F14: 15 | G14: 결과항목 | I14: 전략등급코드 | J14: 18번 12번 전략에 따라 자릿수 다름
A15: =ROW()-3 -> 12 | B15: RCLIPS | C15: R0006 | D15: Thin-file여부 | E15: N | F15: 15 | G15: 결과항목 | I15: 신용정보부족대상자여부
A16: =ROW()-3 -> 13 | B16: RCLIPS | C16: R0007 | D16: Knock-out여부 | E16: N | F16: 15 | G16: 결과항목 | I16: 낙아웃여부
A17: =ROW()-3 -> 14 | B17: RCLIPS | C17: R0008 | D17: 월소득 | E17: N | F17: 15 | G17: 결과항목 | I17: 월소득금액
A18: =ROW()-3 -> 15 | B18: RCLIPS | C18: R0009 | D18: DTI가중치 | E18: N | F18: 15 | G18: 결과항목 | I18: DTI계산율 | J18: 20190326 확인필요. 해당문서에는 삭제로 되어있으나, R클립스최신전문에 포함되어 있음 (차세대_Rclips_인터페이스_Online_C6_ASS_v0.4_20190129.xlsx) | K18: 삭제 요청
A19: =ROW()-3 -> 16 | B19: RCLIPS | C19: R0010 | D19: 월원리금상환금액 | E19: N | F19: 15 | G19: 결과항목 | I19: 월원리금상환금액
A20: =ROW()-3 -> 17 | B20: RCLIPS | C20: R0011 | D20: 월가처분소득 | E20: N | F20: 15 | G20: 결과항목 | I20: 월가처분소득금액
A21: =ROW()-3 -> 18 | B21: RCLIPS | C21: R0012 | D21: 적용금리 | E21: N | F21: 15 | G21: 결과항목 | I21: 적용이율
A22: =ROW()-3 -> 19 | B22: RCLIPS | C22: R0013 | D22: 적용금리코드 | E22: C | F22: 15 | G22: 결과항목 | I22: 카드론금리등급구분코드
A23: =ROW()-3 -> 20 | B23: RCLIPS | C23: R0014 | D23: 기초한도 | E23: N | F23: 15 | G23: 결과항목 | I23: RCLIPS초기한도금액
A24: =ROW()-3 -> 21 | B24: RCLIPS | C24: R0015 | D24: 신용한도CAP | E24: N | F24: 15 | G24: 결과항목 | I24: RCLIPS신용한도제한금액
A25: =ROW()-3 -> 22 | B25: RCLIPS | C25: R0016 | G25: 결과항목 | I25: CB등급한도제한금액
A26: =ROW()-3 -> 23 | B26: RCLIPS | C26: R0017 | D26: 연령한도CAP | E26: N | F26: 15 | G26: 결과항목 | I26: 연령한도제한금액
A27: =ROW()-3 -> 24 | B27: RCLIPS | C27: R0018 | D27: 신용한도 | E27: N | F27: 15 | G27: 결과항목 | I27: 신용한도금액
A28: =ROW()-3 -> 25 | B28: RCLIPS | C28: R0019 | D28: 시스템한도금액 | E28: N | F28: 15 | G28: 결과항목 | I28: RCLIPS신용한도금액
A29: =ROW()-3 -> 26 | B29: RCLIPS | C29: R0020 | D29: 대출가능금액 | E29: N | F29: 15 | G29: 결과항목 | I29: 대출가능금액
A30: =ROW()-3 -> 27 | B30: RCLIPS | C30: R0021 | D30: 한도충족률 | E30: N | F30: 15 | G30: 결과항목 | I30: 대출한도충족률 | J30: 20190326 확인필요. 해당문서에는 삭제로 되어있으나, R클립스최신전문에 포함되어 있음 (차세대_Rclips_인터페이스_Online_C6_ASS_v0.4_20190129.xlsx) | K30: 삭제 요청
A31: =ROW()-3 -> 28 | B31: RCLIPS | C31: R0022 | D31: 한도결과코드 | E31: C | F31: 15 | G31: 결과항목 | I31: 한도결과코드 | J31: 20190326 확인필요. 해당문서에는 삭제로 되어있으나, R클립스최신전문에 포함되어 있음 (차세대_Rclips_인터페이스_Online_C6_ASS_v0.4_20190129.xlsx) | K31: 삭제 요청
A32: =ROW()-3 -> 29 | B32: RCLIPS | C32: R0023 | D32: 시스템판정결과 | E32: C | F32: 15 | G32: 결과항목 | I32: 대출평가결과구분코드 s대출평가결과구분코드
A33: =ROW()-3 -> 30 | B33: RCLIPS | C33: R0024 | D33: 시스템상세판정코드 | E33: C | F33: 15 | G33: 결과항목 | I33: 시스템상세판정코드
A34: =ROW()-3 -> 31 | B34: RCLIPS | C34: R0025 | D34: 우대한도 | E34: N | F34: 15 | G34: 결과항목 | I34: 우대한도금액
A35: =ROW()-3 -> 32 | B35: RCLIPS | C35: R0026 | D35: DTI | E35: N | F35: 15 | G35: 결과항목 | I35: DTI월상환원금
A36: =ROW()-3 -> 33 | B36: RCLIPS | C36: R0027 | D36: 신용가중치 | E36: N | F36: 15 | G36: 결과항목 | I36: RCLIPS신용가중치율 | J36: 20190326 확인필요. 해당문서에는 삭제로 되어있으나, R클립스최신전문에 포함되어 있음 (차세대_Rclips_인터페이스_Online_C6_ASS_v0.4_20190129.xlsx) | K36: 삭제 요청
A37: =ROW()-3 -> 34 | B37: RCLIPS | C37: R0028 | D37: 대출가능개월수 | E37: N | F37: 15 | G37: 결과항목 | I37: 대출가능개월수
A38: =ROW()-3 -> 35 | B38: RCLIPS | C38: R0029 | D38: 거치가능개월수 | E38: N | F38: 15 | G38: 결과항목 | I38: 신청가능거치기간개월수
A39: =ROW()-3 -> 36 | B39: RCLIPS | C39: R0030 | D39: 우대대상여부 | E39: C | F39: 15 | G39: 결과항목 | I39: 제휴기관연계대출우대대상여부
A40: =ROW()-3 -> 37 | B40: RCLIPS | C40: R0031 | D40: 우대한도금액 | E40: N | F40: 15 | G40: 결과항목 | I40: 제휴기관연계대출우대한도금액
A41: =ROW()-3 -> 38 | B41: RCLIPS | C41: R0032 | D41: KCB신용등급 | E41: N | F41: 15 | G41: 결과항목 | I41: i컷오프KCB등급
A42: =ROW()-3 -> 39 | B42: RCLIPS | C42: R0033 | D42: NICE신용등급 | E42: N | F42: 15 | G42: 결과항목 | I42: 저장안함
A43: =ROW()-3 -> 40 | B43: RCLIPS | C43: R0034 | D43: KCB추정소득 | E43: N | F43: 15 | G43: 결과항목 | I43: 저장안함
A44: =ROW()-3 -> 41 | B44: RCLIPS | C44: R0035 | D44: NICE추정소득 | E44: N | F44: 15 | G44: 결과항목 | I44: 저장안함
A45: =ROW()-3 -> 42 | B45: RCLIPS | C45: R0036 | D45: 연원리금상환액 | E45: N | F45: 15 | G45: 결과항목 | I45: 저장안함
A46: =ROW()-3 -> 43 | B46: RCLIPS | C46: R0037 | D46: 회원구분코드 | E46: C | F46: 15 | G46: 결과항목 | I46: 저장안함
A47: =ROW()-3 -> 44 | B47: RCLIPS | C47: R0038 | D47: 그룹통합모형평점 | E47: N | F47: 15 | G47: 결과항목 | I47: 통합모형평점
A48: =ROW()-3 -> 45 | B48: RCLIPS | C48: R0039 | D48: 그룹통합모형등급 | E48: C | F48: 15 | G48: 결과항목 | I48: 통합모형전체등급구분코드
... A50: =ROW()-3 -> 47 | B50: RCLIPS | C50: R0041 | D50: 그룹통합모형은행등급 | E50: C | F50: 15 | G50: 결과항목 | I50: 통합모형은행등급구분코드
A51: =ROW()-3 -> 48 | B51: RCLIPS | C51: R0042 | D51: 우대한도구분 | E51: N | F51: 15 | G51: 결과항목 | I51: 신용대출우대한도구분코드 | K51: 금감원 DSR산출용
A52: =ROW()-3 -> 49 | B52: RCLIPS | C52: R0043 | D52: 스크래핑소득적용구분 | E52: N | F52: 15 | G52: 결과항목 | I52: 스크래핑소득적용구분코드 | K52: 금감원 DSR산출용
A53: =ROW()-3 -> 50 | B53: RCLIPS | C53: R0044 | D53: 최종적용소득 | E53: N | F53: 15 | G53: 결과항목 | I53: 최종스크래핑적용소득금액 | K53: 금감원 DSR산출용
A54: =ROW()-3 -> 51 | B54: RCLIPS | C54: R0045 | D54: DSR_본건제외(항목만 만들어져있고 값산출 X) | E54: N | F54: 15 | G54: 결과항목 | I54: 저장안함 | J54: 20190326 확인필요. 해당문서에는 추가로 되어있으나, 현업에서 받은 R클립스 전문에는 항목없음 (차세대_Rclips_인터페이스_Online_C6_ASS_v0.4_20190129.xlsx) | K54: 금감원 DSR산출용
A55: =ROW()-3 -> 52 | B55: RCLIPS | C55: R0046 | D55: DSR_본건포함(항목만 만들어져있고 값산출 X) | E55: N | F55: 15 | G55: 결과항목 | I55: 저장안함 | J55: 20190326 확인필요. 해당문서에는 추가로 되어있으나, 현업에서 받은 R클립스 전문에는 항목없음 (차세대_Rclips_인터페이스_Online_C6_ASS_v0.4_20190129.xlsx) | K55: 금감원 DSR산출용
A56: =ROW()-3 -> 53 | B56: RCLIPS | C56: R0047 | D56: 그룹다중채무세그먼트등급 | E56: S | F56: 2 | G56: 결과항목 | I56: 그룹다중채무세그먼트구분코드 | J56: 20190326 확인필요. 해당문서에는 추가로 되어있으나, 현업에서 받은 R클립스 전문에는 항목없음 (차세대_Rclips_인터페이스_Online_C6_ASS_v0.4_20190129.xlsx) | K56: 추가_20180917
A57: =ROW()-3 -> 54 | B57: RCLIPS | C57: R0050 | D57: 소호특화대상구분 | E57: S | F57: 1 | G57: 결과항목 | I57: 저장안함 | J57: 20190326 확인필요. 해당문서에는 추가로 되어있으나, 현업에서 받은 R클립스 전문에는 항목없음 (차세대_Rclips_인터페이스_Online_C6_ASS_v0.4_20190129.xlsx) | K57: 추가_20180917
A58: =ROW()-3 -> 55 | B58: RCLIPS | C58: R0051 | D58: DSR관리대상여부 | E58: S | F58: 1 | G58: 결과항목 | I58: DSR관리대상여부 | J58: 20190326 확인필요. 해당문서에는 추가로 되어있으나, 현업에서 받은 R클립스 전문에는 항목없음 (차세대_Rclips_인터페이스_Online_C6_ASS_v0.4_20190129.xlsx) | K58: 추가_20180917
A59: =ROW()-3 -> 56 | B59: RCLIPS | C59: R0052 | D59: DSR관리대상자_소득 | E59: N | F59: 15 | G59: 결과항목 | I59: 추정소득금액 | J59: 20190326 확인필요. 해당문서에는 추가로 되어있으나, 현업에서 받은 R클립스 전문에는 항목없음 (차세대_Rclips_인터페이스_Online_C6_ASS_v0.4_20190129.xlsx) | K59: 추가_20180917
A60: =ROW()-3 -> 57 | B60: RCLIPS | C60: R0053 | D60: 신용대출잔액_신정원 | E60: N | F60: 15 | G60: 결과항목 | I60: 타사대출금액 | J60: 20190326 확인필요. 해당문서에는 추가로 되어있으나, 현업에서 받은 R클립스 전문에는 항목없음 (차세대_Rclips_인터페이스_Online_C6_ASS_v0.4_20190129.xlsx) | K60: 추가_20180917
A61: =ROW()-3 -> 58 | B61: RCLIPS | C61: R0054 | D61: 금소법용_대출잔액 | E61: N | F61: 15 | G61: 결과항목 | I61: 부채합계금액 | J61: 20190326 확인필요. 해당문서에는 삭제로 되어있으나, R클립스최신전문에 포함되어 있음 (차세대_Rclips_인터페이스_Online_C6_ASS_v0.4_20190129.xlsx) | K61: 삭제 요청
A62: =ROW()-3 -> 59 | B62: RCLIPS | C62: R0055 | D62: DSR가능한도금액 | E62: N | F62: 15 | G62: 결과항목 | I62: DSR가능한도금액 | J62: 20190326 확인필요. 해당문서에는 삭제로 되어있으나, R클립스최신전문에 포함되어 있음 (차세대_Rclips_인터페이스_Online_C6_ASS_v0.4_20190129.xlsx) | K62: 삭제 요청
A63: =ROW()-3 -> 60 | B63: RCLIPS | C63: R0056 | D63: 사업자평가대상여부 | E63: S | F63: 2 | G63: 결과항목 | I63: 소호특화등급산정대상여부 | J63: 20190326 확인필요. 해당문서에는 삭제로 되어있으나, R클립스최신전문에 포함되어 있음 (차세대_Rclips_인터페이스_Online_C6_ASS_v0.4_20190129.xlsx) | K63: 삭제 요청
A64: =ROW()-3 -> 61 | B64: RCLIPS | C64: R0057 | D64: 혜택가맹점구분 | E64: S | F64: 2 | G64: 결과항목 | I64: 저장안함 | J64: 20190326 확인필요. 해당문서에는 삭제로 되어있으나, R클립스최신전문에 포함되어 있음 (차세대_Rclips_인터페이스_Online_C6_ASS_v0.4_20190129.xlsx) | K64: 삭제 요청
A65: =ROW()-3 -> 62 | B65: RCLIPS | C65: R0058 | D65: 사업자대출가능금액 | E65: N | F65: 15 | G65: 결과항목 | I65: 저장안함 | J65: 20190326 확인필요. 해당문서에는 삭제로 되어있으나, R클립스최신전문에 포함되어 있음 (차세대_Rclips_인터페이스_Online_C6_ASS_v0.4_20190129.xlsx) | K65: 삭제 요청
... A69: =ROW()-3 -> 66 | B69: RCLIPS | C69: R0062 | D69: 다중채무자여부 | E69: S | F69: 1 | G69: 결과항목 | I69: 다중채무자여부 | J69: 20190326 확인필요. 해당문서에는 삭제로 되어있으나, R클립스최신전문에 포함되어 있음 (차세대_Rclips_인터페이스_Online_C6_ASS_v0.4_20190129.xlsx) | K69: 삭제 요청
A70: =ROW()-3 -> 67 | B70: RCLIPS | C70: R0066 | D70: 다중채무여부_모범규준_실시간 | E70: S | F70: 1 | G70: 결과항목 | I70: 저장안함
A71: =ROW()-3 -> 68 | B71: RCLIPS | C71: R0067 | D71: 상생대출여부 | E71: S | F71: 1 | G71: 입력항목 | I71: 상생대출여부
A72: =ROW()-3 -> 69 | B72: RCLIPS | C72: R0068 | D72: 신용카드소지여부 | E72: S | F72: 1 | G72: 결과항목 | I72: 유효신용카드소지여부
A73: =ROW()-3 -> 70 | B73: RCLIPS | C73: R0069 | D73: 중위등급세분화모델스코어 | E73: S | F73: 2 | G73: 결과항목 | I73: 저장안함
A74: =ROW()-3 -> 71 | B74: RCLIPS | C74: R0070 | D74: 중위등급세분화모델등급_저축 | E74: N | F74: 15 | G74: 결과항목 | I74: 저장안함
A75: =ROW()-3 -> 72 | B75: RCLIPS | C75: R0071 | D75: 실시간카드론결합CB등급 | E75: S | F75: 2 | G75: 결과항목 | I75: 카드론결합CB등급구분코드
A76: =ROW()-3 -> 73 | B76: RCLIPS | C76: R0072 | D76: 신용대출1억초과여부 | E76: S | F76: 1 | G76: 결과항목 | I76: 신용대출1억원초과여부
A77: =ROW()-3 -> 74 | B77: RCLIPS | C77: R0073 | D77: 중위세분화통합등급구분코드 | E77: S | F77: 2 | G77: 결과항목 | I77: 저장안함
A78: =ROW()-3 -> 75 | B78: RCLIPS | C78: R0074 | D78: 심사전략적용평가상품구분코드 | E78: S | F78: 2 | G78: 결과항목 | I78: 심사전략적용평가상품구분코드
A79: =ROW()-3 -> 76 | B79: RCLIPS | C79: R0075 | D79: 사전기타취급불가사유코드 | E79: S | F79: 4 | G79: 결과항목 | I79: 사전기타취급불가사유코드
A80: =ROW()-3 -> 77 | B80: RCLIPS | C80: R0076 | D80: 플러스론최종대출가능금액_실시간사전비교 | E80: N | F80: 15 | G80: 결과항목 | I80: 저장안함
A81: =ROW()-3 -> 78 | B81: RCLIPS | C81: R0077 | D81: 예외승인여부 | E81: S | F81: 1 | G81: 결과항목 | I81: 저장안함
A82: =ROW()-3 -> 79 | B82: RCLIPS | C82: R0078 | D82: 연소득제한대상여부 | E82: S | F82: 1 | G82: 결과항목 | I82: 연소득제한대상여부
A83: =ROW()-3 -> 80 | B83: RCLIPS | C83: R0079 | D83: 소득반영전사전대출가능금액 | E83: N | F83: 15 | G83: 결과항목 | I83: 소득반영전사전대출가능금액
A84: =ROW()-3 -> 81 | B84: RCLIPS | C84: R0080 | D84: 신정원신용대출카드론잔액 | E84: N | F84: 15 | G84: 결과항목 | I84: 신정원신용대출카드론잔액
A85: =ROW()-3 -> 82 | B85: RCLIPS | C85: R0081 | D85: 신정원총대출잔액 | E85: N | F85: 15 | G85: 결과항목 | I85: KCIS총대출잔액
A86: =ROW()-3 -> 83 | B86: RCLIPS | C86: R0082 | D86: 크레딧트리2결합스코어 | E86: N | F86: 15 | G86: 결과항목 | I86: 저장안함
A87: =ROW()-3 -> 84 | B87: RCLIPS | C87: R0083 | D87: 크레딧트리2결합등급 | E87: S | F87: 2 | G87: 결과항목 | I87: 저장안함
A88: =ROW()-3 -> 85 | B88: RCLIPS | C88: R8000 | D88: 카드론신청서접수번호 | E88: S | F88: 14 | G88: 결과항목 | I88: 저장안함
A89: =ROW()-3 -> 86 | B89: RCLIPS | C89: R8001 | D89: 이지신용대출전환대상 | E89: S | F89: 1 | G89: 결과항목 | I89: 이지신용대출전환대상구분코드
A90: =ROW()-3 -> 87 | B90: RCLIPS | C90: R8002 | D90: 이지신용대출탈락코드 | E90: S | F90: 4 | G90: 결과항목 | I90: 이지신용대출탈락코드내용
A91: =ROW()-3 -> 88 | B91: RCLIPS | C91: R8003 | D91: 실시간카드론신청등급 | E91: S | F91: 2 | G91: 결과항목 | I91: 실시간카드론신규등급구분코드
A92: =ROW()-3 -> 89 | B92: RCLIPS | C92: R8004 | D92: 고객가치그룹구분 | E92: S | F92: 2 | G92: 결과항목 | I92: 고객가치구분코드
A93: =ROW()-3 -> 90 | B93: RCLIPS | C93: R8005 | D93: 여신평균잔액 | E93: N | F93: 15 | G93: 결과항목 | I93: 가계여신평잔
A94: =ROW()-3 -> 91 | B94: RCLIPS | C94: R8006 | D94: 기여도등급 | E94: S | F94: 2 | G94: 결과항목 | I94: 이지신용기여도등급
A95: =ROW()-3 -> 92 | B95: RCLIPS | C95: R8007 | D95: 이지신용대출탈락대상_C9 | E95: S | F95: 4 | G95: 결과항목 | I95: 저장안함
A96: =ROW()-3 -> 93 | B96: RCLIPS | C96: R8008 | D96: 이지론한도_C9 | E96: N | F96: 15 | G96: 결과항목 | I96: 저장안함
A97: =ROW()-3 -> 94 | B97: RCLIPS | C97: R8009 | D97: 이지론대출이율_C9 | E97: N | F97: 5 | G97: 결과항목 | I97: 저장안함
A98: =ROW()-3 -> 95 | B98: RCLIPS | C98: R8010 | D98: 이지신용대출한도 | E98: N | F98: 15 | G98: 결과항목 | I98: 이지신용대출한도금액
A99: =ROW()-3 -> 96 | B99: RCLIPS | C99: R8011 | D99: 이지신용대출대상구분코드 | E99: S | F99: 1 | G99: 결과항목 | I99: 이지신용대출대상구분코드
A100: =ROW()-3 -> 97 | B100: RCLIPS | C100: R8012 | D100: N1M현금서비스이용건수 | E100: N | F100: 15 | G100: 결과항목 | I100: 저장안함
A101: =ROW()-3 -> 98 | B101: RCLIPS | C101: R8013 | D101: 실시간카드론ML평점 | E101: N | F101: 15 | G101: 결과항목 | I101: 저장안함
A102: =ROW()-3 -> 99 | B102: RCLIPS | C102: R8015 | D102: 금리리스크등급 | E102: S | F102: 1 | G102: 결과항목 | I102: 금리리스크등급구분코드
A103: =ROW()-3 -> 100 | B103: RCLIPS | C103: A2084 | D103: 플러스론한도금액 | E103: N | F103: 15 | G103: 입력항목 | I103: 이지론플러스한도금액
A104: =ROW()-3 -> 101 | B104: RCLIPS | C104: A3051 | D104: NICE CB등급 | E104: S | G104: 입력항목 | I104: sNICE신용등급구분코드 NICE신용평가등급코드
...

Sheet RCLIPS송신(개사)
A1: Seq | B1: RCLIPS코드 | C1: 속성 | D1: 길이 | E1: R클립스_항목명 | F1: 구분 | G1: R클립스_비고 | H1: 원천정보그룹 | I1: 원천정보(원본) | J1: MDD_호출CPBI/EBI | K1: MDD_항목명 | L1: CB사 항목코드 | M1: CB사 전문번호 | N1: BITMAP | O1: 변경구분 | P1: 비고2(개발팀) | Q1: 필수입력
A2: =ROW()-1 -> 1 | B2: PKG_ID | C2: String | D2: 20 | E2: Online_C9_ASS
A3: =ROW()-1 -> 2 | B3: CNT | C3: Numeric | D3: 3 | E3: 제공항목건수 | G3: 항목코드5+항목값15
A4: =ROW()-1 -> 3 | B4: A1001 | C4: S | D4: 8 | E4: 신청 일자
A5: =ROW()-1 -> 4 | B5: A1002 | C5: S | D5: 14 | E5: 신청서접수번호
A6: =ROW()-1 -> 5 | B6: A1003 | C6: S | D6: 8 | E6: 개업일 | F6: 제공항목 | H6: 내부정보 | I6: GEA심사사전정보내역 | J6: 심사사전정보내역조회C > 현재일자기준대출심사모형사전조회
A7: =ROW()-1 -> 6 | B7: A1004 | C7: L | D7: 15 | E7: 연령
A8: =ROW()-1 -> 7 | B8: A1005 | C8: S | D8: 1 | E8: 외국인여부
A9: =ROW()-1 -> 8 | B9: A1006 | C9: S | D9: 2 | E9: 상품코드
A10: =ROW()-1 -> 9 | B10: A1007 | C10: S | D10: 10 | E10: 사업자번호
A11: =ROW()-1 -> 10 | B11: A1008 | C11: S | D11: 2 | E11: 입력업종코드
A12: =ROW()-1 -> 11 | B12: A2001 | C12: S | D12: 1 | E12: 기업카드거래정지여부 | H12: 내부
A13: =ROW()-1 -> 12 | B13: A2002 | C13: S | D13: 1 | E13: 기업카드연체여부 | H13: 내부
A14: =ROW()-1 -> 13 | B14: A2003 | C14: S | D14: 1 | E14: 기업카드특수채권보유여부 | H14: 내부
A15: =ROW()-1 -> 14 | B15: A2005 | C15: S | D15: 1 | E15: 대표자개인카드연체여부 | H15: 내부
A16: =ROW()-1 -> 15 | B16: A2007 | C16: S | D16: 1 | E16: 대표자특수채권보유여부 | H16: 내부
A17: =ROW()-1 -> 16 | B17: A2008 | C17: S | D17: 1 | E17: GHA소매비소매구분 | H17: 내부
H18: 내부
A19: =ROW()-1 -> 18 | B19: A2004 | C19: S | D19: 1 | E19: 대표자개인카드거래정지여부 | H19: 내부(GHA)
A20: =ROW()-1 -> 19 | B20: A2009 | C20: L | D20: 15 | E20: GAF은행익스포져금액 | H20: 내부(MED→GAF→GEA)
A21: =ROW()-1 -> 20 | B21: A2010 | C21: L | D21: 15 | E21: GAF카드익스포져금액 | H21: 내부(MED→GAF→GEA)
A22: =ROW()-1 -> 21 | B22: A2011 | C22: S | D22: 2 | E22: GHA기업BS등급 | H22: 내부(GHA)
A23: =ROW()-1 -> 22 | B23: A2012 | C23: S | D23: 2 | E23: GHA그룹CRS등급 | H23: 내부(GHA)
A24: =ROW()-1 -> 23 | B24: A2014 | C24: S | D24: 2 | E24: 대표자스타클럽구분 | H24: 내부
A25: =ROW()-1 -> 24 | B25: A2015 | C25: S | D25: 1 | E25: 거래주의정보 등록고객 | H25: 내부
A26: =ROW()-1 -> 25 | B26: A2016 | C26: S | D26: 1 | E26: 워크아웃등록고객 | H26: 내부
A27: =ROW()-1 -> 26 | B27: A2006 | C27: S | D27: 1 | E27: 대표자장기카드대출연체여부 | H27: 내부
A28: =ROW()-1 -> 27 | B28: A2017 | C28: S | D28: 1 | E28: 요주의 등록고객 | H28: 내부
A29: =ROW()-1 -> 28 | B29: A2018 | C29: S | D29: 1 | E29: 신용불량채무관계제한등록고객 | H29: 내부
A30: =ROW()-1 -> 29 | B30: A2019 | C30: S | D30: 1 | E30: 고객기본정보 구분코드 오류 | H30: 내부
... A60: =ROW()-1 -> 59 | B60: A2049 | C60: L | D60: 15 | E60: 기업대출한도 | H60: 내부
A61: =ROW()-1 -> 60 | B61: A2050 | C61: L | D61: 15 | E61: 연소득금액(네이버_국세청) | H61: 입력값 | J61: i개인사업자대출RCLIPS전문조립C | K61: 연소득금액 | M61: / 12
A62: =ROW()-1 -> 61 | B62: A2051 | C62: L | D62: 15 | E62: 이지대환대출가능금액 | J62: 대출가능개월수월별원리금조회 | K62: bd이지대환대출가능금액
A63: =ROW()-1 -> 62 | B63: A2052 | C63: L | D63: 15 | E63: 이지대환대출잔액 | I63: r심사사전정보내역조회C | J63: 현재일자기준대출심사모형사전조회출력Dto | K63: 이지대환대출잔액_N15
A64: =ROW()-1 -> 63 | B64: A2053 | C64: S | D64: 1 | E64: 우대대상여부 | J64: rGEA우대프랜차이즈대상여부조회E | K64: 우대프랜차이즈대상여부_V1
A65: =ROW()-1 -> 64 | B65: A2054 | C65: S | D65: 2 | E65: 채널구분 | J65: 입력COMDtoctx | K65: SDT채널구분코드
A66: =ROW()-1 -> 65 | B66: A2055 | C66: S | D66: 2 | E66: 채널세부구분 | J66: 입력COMDtoctx | K66: SDT채널세부업무구분코드
A67: =ROW()-1 -> 66 | B67: A2056 | C67: N | D67: 9 | E67: 스크래핑소득_국민연금환산 | J67: r스크래핑국민연금최종소득금액조회E | K67: 스크래핑국민연금최종소득금액_N15
A68: =ROW()-1 -> 67 | B68: A2057 | C68: N | D68: 9 | E68: 스크래핑소득_공무원연금환산 | J68: r스크래핑공무원연금최종소득금액조회E | K68: 스크래핑공무원연금최종소득금액_N15
A69: =ROW()-1 -> 68 | B69: A2058 | C69: N | D69: 9 | E69: 카드론사전한도 | K69: bd카드론최고금액 | M69: tbgeaa209 Max값
A70: =ROW()-1 -> 69 | B70: A2059 | C70: N | D70: 9 | E70: 이지론플러스사전한도 | J70: r체크회원사전대상자내역기간조회E | K70: 이지론플러스한도금액
A71: =ROW()-1 -> 70 | B71: A4001 | C71: S | D71: 4 | E71: NICE_NPML등급 | H71: NICE (개인 1F003) | I71: rNICE개인사업자신용정보조회C | J71: GEA_NICE신용평점정보조회Dto | K71: NPML등급_V4 | L71: ML0100_002
A72: =ROW()-1 -> 71 | B72: A4002 | C72: S | D72: 4 | E72: NICE_소호ML등급 | J72: 일괄 박은값 | K72: 0000
A73: =ROW()-1 -> 72 | B73: A4003 | C73: L | D73: 15 | E73: NICE_최종연소득금액 | H73: NICE (개인 1F003) | J73: GEA_NICE신용요약정보조회Dto | L73: IE0400007
A74: =ROW()-1 -> 73 | B74: A4004 | C74: L | D74: 15 | E74: NICE_최근1년내은행업계등록연소득금액 | H74: NICE (개인 1F003) | J74: GEA_NICE신용요약정보조회Dto | L74: IE0400021
A75: =ROW()-1 -> 74 | B75: A4005 | C75: L | D75: 14 | E75: 연간원리금상환추정금액 | H75: NICE (개인 1F003) | J75: GEA_NICE신용요약정보조회Dto | L75: LRZ000201
A76: =ROW()-1 -> 75 | B76: A4006 | C76: S | D76: 1 | E76: NICE사망자 | H76: NICE (개인 1F003) | J76: GEA_NICE신용요약정보조회Dto | L76: LIVESTAT2
A77: =ROW()-1 -> 76 | B77: A4007 | C77: S | D77: 1 | E77: NICE파산면책여부 | H77: NICE (개인 1F003) | J77: GEA_NICE신용요약정보조회Dto | L77: CRT000005
A78: =ROW()-1 -> 77 | B78: A4008 | C78: S | D78: 1 | E78: NICE개인회생여부 | H78: NICE (개인 1F003) | J78: GEA_NICE신용요약정보조회Dto | L78: CRT000006
A79: =ROW()-1 -> 78 | B79: A4009 | C79: S | D79: 1 | E79: NICE신용회복위원회조정유무 | H79: NICE (개인 1F003) | J79: GEA_NICE신용요약정보조회Dto | L79: BS0000783
A80: =ROW()-1 -> 79 | B80: A4010 | C80: L | D80: 15 | E80: NICE세금체납건수 | H80: NICE (개인 1F003) | J80: GEA_NICE신용요약정보조회Dto | L80: BS0000917
A81: =ROW()-1 -> 80 | B81: A4011 | C81: L | D81: 15 | E81: NICE부도정보건수 | H81: NICE (개인 1F003) | J81: GEA_NICE신용요약정보조회Dto | L81: BS0000041
A82: =ROW()-1 -> 81 | B82: A4012 | C82: L | D82: 15 | E82: NICE연체대환대출총건수 | H82: NICE (개인 1F003) | J82: GEA_NICE신용요약정보조회Dto | L82: LA0000011
A83: =ROW()-1 -> 82 | B83: A4014 | C83: L | D83: 14 | E83: rep최근3년 연체해제후경과월수(KB포함) | H83: NICE (개인 1F003) | J83: GEA_NICE신용요약정보조회Dto | L83: PH0000225
A84: =ROW()-1 -> 83 | B84: A4208 | C84: L | D84: 15 | E84: 건축물총실거래가격 | H84: NICE (개인 1F003) | J84: GEA_NICE신용요약정보조회Dto | L84: RABAC0058
... A104: =ROW()-1 -> 103 | B104: A4228 | C104: L | D104: 15 | E104: NICE최근1개월카드론대출총건수 | H104: NICE (개인 1F003) | J104: GEA_NICE신용요약정보조회Dto | L104: L21200500
A105: =ROW()-1 -> 104 | B105: A4229 | C105: L | D105: 15 | E105: NICE신용평점 | H105: NICE (개인 1F003) | J105: GEA_NICE신용평점정보조회Dto | K105: NICE스코어_V5 | L105: RK0600_000
A106: =ROW()-1 -> 105 | B106: A4230 | C106: L | D106: 15 | E106: NICE전업권연체등록건수 | H106: NICE (개인 1F003) | J106: GEA_NICE신용요약정보조회Dto | L106: PS0000110
A107: =ROW()-1 -> 106 | B107: A4231 | C107: S | D107: 4 | E107: NICE신용등급 | J107: CB신용등급평점구간정보신용등급조회ibi | K107: sNICE신용등급구분코드 | M107: NICE스코어_V5
A108: =ROW()-1 -> 107 | B108: A4232 | C108: S | D108: 1 | E108: NICE동시대출여부 | H108: NICE (동시대출13003) | I108: rNICE대출조회C | J108: GEA_NICE동시대출건수조회Dto | K108: 0 or 1 | M108: 신용상품대출건수_N10 >= 2
A109: =ROW()-1 -> 108 | B109: A4234 | C109: S | D109: 4 | E109: NICE_CCS신용등급코드 | J109: GEA_NICE신용평점정보조회Dto | K109: 론니즈등급구분2_V4 | L109: ND0200_201
A110: =ROW()-1 -> 109 | B110: A4233 | C110: L | D110: 15 | E110: NICE사업자금융질서문란총건수 | H110: NICE (사업자 24001) | J110: rNICE법인등록번호기준신용정보조회C | K110: NICE불량미해제합계건수_V9 | L110: B32000200
A111: =ROW()-1 -> 110 | B111: A6001 | C111: S | D111: 2 | E111: KCB SOHO ML스코어등급 | H111: KCB (개인0400/437) | J111: GEA_KCB신용요약정보조회Dto | L111: SS1001000
A112: =ROW()-1 -> 111 | B112: A6002 | C112: S | D112: 2 | E112: KCB 비대면연계대출등급 | H112: KCB (개인0400/437) | J112: GEA_KCB신용요약정보조회Dto | L112: SUL001000
A113: =ROW()-1 -> 112 | B113: A6003 | C113: S | D113: 2 | E113: KCB 비대면신용개설가능등급 | H113: KCB (개인0400/437) | J113: GEA_KCB신용요약정보조회Dto | L113: U21001000
A114: =ROW()-1 -> 113 | B114: A6004 | C114: S | D114: 2 | E114: KCB 다중채무위험지수등급 | H114: KCB (개인0400/437) | J114: GEA_KCB신용요약정보조회Dto | L114: SD0001000
A115: =ROW()-1 -> 114 | B115: A6005 | C115: L | D115: 15 | E115: KCB미폐업사업체창업경과일수 | H115: KCB (개인0400/437) | J115: GEA_KCB신용요약정보조회Dto | L115: AH1070004
A116: =ROW()-1 -> 115 | B116: A6006 | C116: D | D116: 15 | E116: KCB업종지역단위대출연체율 | H116: KCB (개인0400/437) | J116: GEA_KCB신용요약정보조회Dto | L116: AH40D0001
A117: =ROW()-1 -> 116 | B117: A6007 | C117: L | D117: 15 | E117: KCBN1년상호명이력건수 | H117: KCB (개인0400/437) | J117: GEA_KCB신용요약정보조회Dto | L117: AH2020009
A118: =ROW()-1 -> 117 | B118: A6008 | C118: D | D118: 15 | E118: KCB지역단위폐업률 | H118: KCB (개인0400/437) | J118: GEA_KCB신용요약정보조회Dto | L118: AH40D0008
A119: =ROW()-1 -> 118 | B119: A6009 | C119: L | D119: 15 | E119: 결정연소득최근1년은행등록연소득 | H119: KCB (개인0400/437) | J119: GEA_KCB신용요약정보조회Dto | L119: U43002230
A120: =ROW()-1 -> 119 | B120: A6010 | C120: L | D120: 15 | E120: KCB추정소득 | H120: KCB (개인0400/437) | J120: GEA_KCB신용요약정보조회Dto | L120: U43002030
A121: =ROW()-1 -> 120 | B121: A6011 | C121: L | D121: 14 | E121: K-DSR Basic 연간상환원리금, 개인대출(대부업포함) | H121: KCB (개인0400/437) | J121: GEA_KCB신용요약정보조회Dto | L121: U5DD02001
A122: =ROW()-1 -> 121 | B122: A6012 | C122: L | D122: 15 | E122: KCB미해제연체건수 | H122: KCB (개인0400/437) | J122: GEA_KCB신용요약정보조회Dto | L122: D10210D00
... A141: =ROW()-1 -> 140 | B141: A6270 | C141: L | D141: 15 | E141: KB제외비은행신용대출기관수 | H141: KCB (개인0400/437) | J141: GEA_KCB신용요약정보조회Dto | L141: L1Z000970
A142: =ROW()-1 -> 141 | B142: A6271 | C142: L | D142: 15 | E142: KCB신용평점 | H142: KCB (개인0400/437) | J142: GEA_KCB신용요약정보조회Dto | K142: KCB스코어_V5 | L142: SC0000000
A143: =ROW()-1 -> 142 | B143: A6272 | C143: S | D143: 2 | E143: KCB신용등급 | J143: CB신용등급평점구간정보신용등급조회ibi | K143: sKCB신용등급구분코드 | M143: KCB스코어_V5
A144: =ROW()-1 -> 143 | B144: A6273 | C144: L | D144: 15 | E144: KCB소호매출추정연매출금액(인별합산) | H144: KCB (개인0400/437) | J144: GEA_KCB신용요약정보조회Dto | L144: UBC0K3000
A145: =ROW()-1 -> 144 | B145: A6274 | C145: L | D145: 15 | E145: KCB연체대환대출총건수 | H145: KCB (개인0400/437) | J145: GEA_KCB신용요약정보조회Dto | L145: L1022A000
A146: =ROW()-1 -> 145 | B146: A6275 | C146: S | D146: 1 | E146: KCB부동산임대업보유여부 | H146: KCB (개인0400/437) | J146: GEA_KCB신용요약정보조회Dto | L146: AH1010001
A147: =ROW()-1 -> 146 | B147: A6276 | C147: L | D147: 15 | E147: KCB건축물보유건수 | H147: KCB (개인0400/437) | J147: GEA_KCB신용요약정보조회Dto | L147: AS1C20102
A148: =ROW()-1 -> 147 | B148: A6277 | C148: L | D148: 15 | E148: KCB부동산일반권리침해건수 | H148: KCB (개인0400/437) | J148: GEA_KCB신용요약정보조회Dto | L148: ASCD20152
A149: =ROW()-1 -> 148 | B149: A6278 | C149: L | D149: 15 | E149: KCB일반소호스코어 | H149: KCB (개인0400/437) | J149: GEA_KCB신용요약정보조회Dto | L149: SKBSH0000
A150: =ROW()-1 -> 149 | B150: A6279 | C150: L | D150: 15 | E150: KCB주택담보대출기관수 | H150: KCB (개인0400/437) | J150: GEA_KCB신용요약정보조회Dto | L150: L2M000066
A151: =ROW()-1 -> 150 | B151: A6280 | C151: S | D151: 1 | E151: KCB동시대출여부 | H151: KCB (동시대출0400/482) | I151: rKCB대출조회C | J151: GEA_KCB동시대출건수조회Dto | K151: 0 or 1 | M151: 신용상품대출건수_N10 >= 2
A152: =ROW()-1 -> 151 | B152: A6281 | C152: D | D152: 5.2 | E152: SOHO매출추정3개월전대비 증감률 | H152: KCB (개인0400/437) | J152: GEA_KCB신용요약정보조회Dto | L152: UBC0K5003
A153: =ROW()-1 -> 152 | B153: A6282 | C153: D | D153: 5.2 | E153: KCB업종단위대출연체율 | H153: KCB (개인0400/437) | J153: GEA_KCB신용요약정보조회Dto | L153: AH40D0004
A154: =ROW()-1 -> 153 | B154: A6283 | C154: S | D154: 2 | E154: 소호왓츠인덱스등급코드 | H154: KCB (개인0400/437) | J154: GEA_KCB신용요약정보조회Dto | L154: UW0100000
A155: =ROW()-1 -> 154 | B155: A6284 | C155: S | D155: 1 | E155: 미해지금융지원대출추정여부 | H155: KCB (개인0400/437) | J155: GEA_KCB신용요약정보조회Dto | L155: UW0301001
A156: =ROW()-1 -> 155 | B156: A6285 | C156: S | D156: 1 | E156: 미해지만기연장지원추정여부 | H156: KCB (개인0400/437) | J156: GEA_KCB신용요약정보조회Dto | L156: UW0302001
A157: =ROW()-1 -> 156 | B157: A6286 | C157: N | D157: 5 | E157: 중위등급세분화스코어_N9 | H157: KCB (개인0400/437) | J157: GEA_KCB신용요약정보조회Dto | L157: SKBFG0020
A158: =ROW()-1 -> 157 | B158: A6287 | C158: S | D158: 9 | E158: 중위등급세분화적용배제_V9 | H158: KCB (개인0400/437) | J158: GEA_KCB신용요약정보조회Dto | L158: SKBFG0200
A159: =ROW()-1 -> 158 | B159: A6288 | C159: S | D159: 9 | E159: 중위등급세분화가점사유코드_V9 | H159: KCB (개인0400/437) | J159: GEA_KCB신용요약정보조회Dto | L159: SKBFGR120
A160: =ROW()-1 -> 159 | B160: A6289 | C160: S | D160: 9 | E160: 중위등급세분화감점사유코드_V9 | H160: KCB (개인0400/437) | J160: GEA_KCB신용요약정보조회Dto | L160: SKBFGR220
A161: =ROW()-1 -> 160 | B161: A6290 | C161: S | D161: 9 | E161: 중위등급세분화세그먼트_N9 | H161: KCB (개인0400/437) | J161: GEA_KCB신용요약정보조회Dto | L161: SKBFGS200
A162: =ROW()-1 -> 161 | B162: A6291 | C162: S | D162: 4 | E162: R스코어ML신용등급 | H162: KCB (개인0400/437) | J162: GEA_KCB신용요약정보조회Dto | L162: S8RA01000
A163: =ROW()-1 -> 162 | B163: A6292 | C163: S | D163: 2 | E163: 소호변동성지수등급 | H163: KCB (개인0400/437) | J163: GEA_KCB신용요약정보조회Dto | L163: SSV001000
... A170: =ROW()-1 -> 169 | B170: A6299 | C170: S | D170: 2 | E170: 다중채무위험등급버젼2 | H170: KCB (개인0400/437) | J170: GEA_KCB신용요약정보조회Dto | L170: SD0201000
A171: =ROW()-1 -> 170 | B171: A7001 | C171: L | D171: 10 | E171: 가맹점_종합사업성환산점수 | H171: DAA→MAD→GEAA217 | I171: SBD3CMPGR | J171: r비회원사전대상자내역기간조회E | K171: 가맹점종합사업성환산점수 | L171: SBD3CMPGR
A172: =ROW()-1 -> 171 | B172: A7002 | C172: S | D172: 1 | E172: 가맹점_프랜차이즈여부 | H172: DAA→MAD→GEAA217 | I172: SBD300024 | J172: r비회원사전대상자내역기간조회E | K172: 가맹점프랜차이즈여부 | L172: SBD300024
...

Sheet RCLIPS수신(개사)
A1: NO | B1: 원천구분 | C1: R-Clips 코드 | D1: 항목명 | E1: 형식 | F1: 길이 | G1: 구분 | H1: TBGEAA218,MDD 항목명 | I1: 변경구분 | J1: 비고(현업) | K1: 비고(NEW) | L1: 비고(OLD)
A2: =ROW()-3 -> -1 | B2: RCLIPS | D2: 결과코드 | E2: String | F2: 4 | J2: 0000이 아닐 경우 오류
A3: =ROW()-3 -> 0 | B3: RCLIPS | D3: 결과건수 | E3: Numeric | F3: 3 | J3: 결과항목(코드5+값15) 건수
A4: =ROW()-3 -> 1 | B4: RCLIPS | D4: 기준년월 | E4: String | F4: 6
A5: =ROW()-3 -> 2 | B5: RCLIPS | D5: 접수번호 | E5: String | F5: 14
A6: =ROW()-3 -> 3 | B6: RCLIPS | D6: 고객식별자 | E6: String | F6: 10
A7: =ROW()-3 -> 4 | B7: RCLIPS | D7: 회원일련번호 | E7: String | F7: 8
A8: =ROW()-3 -> 5 | B8: RCLIPS | C8: A1002 | D8: 신청서접수번호 | E8: S | F8: 14 | G8: 입력항목 | H8: 카드론신청서접수번호
A9: =ROW()-3 -> 6 | B9: RCLIPS | C9: A4003 | D9: NICE_최종연소득금액 | E9: L | F9: 15 | G9: 입력항목 | H9: NICE추정소득금액
A10: =ROW()-3 -> 7 | B10: RCLIPS | C10: A4005 | D10: 연간원리금상환추정금액 | E10: L | F10: 15 | G10: 입력항목 | H10: 연간원리금상환금액
A11: =ROW()-3 -> 8 | B11: RCLIPS | C11: A4229 | D11: NICE신용평점 | E11: L | F11: 15 | G11: 입력항목 | H11: 실시간NICE신용평점
A12: =ROW()-3 -> 9 | B12: RCLIPS | C12: A6010 | D12: KCB추정소득 | E12: L | F12: 15 | G12: 입력항목 | H12: KCB추정소득금액
A13: =ROW()-3 -> 10 | B13: RCLIPS | C13: A6272 | D13: KCB신용등급 | E13: S | F13: 2 | G13: 입력항목 | H13: sKCB신용등급구분코드
A14: =ROW()-3 -> 11 | B14: RCLIPS | C14: A7010 | D14: GAF가맹점특화머신러닝평점 | E14: L | F14: 15 | G14: 입력항목 | H14: 가맹점특화머신러닝평점
A15: 6 | B15: RCLIPS | C15: R0001 | D15: 기업결합등급 | E15: S | F15: 2 | G15: 결과항목 | H15: 개인사업자CB결합등급구분코드 s결합등급
A16: 7 | B16: RCLIPS | C16: R0002 | D16: 기업AS평점 | E16: L | F16: 15 | G16: 결과항목 | H16: 소호ASS평점
A17: 8 | B17: RCLIPS | C17: R0003 | D17: 기업AS등급 | E17: S | F17: 2 | G17: 결과항목 | H17: 소호ASS등급 i컷오프신청등급 s소호ASS등급
A18: 9 | B18: RCLIPS | C18: R0004 | D18: 최저CBML등급 | E18: S | F18: 2 | G18: 결과항목 | H18: 최저CB등급구분코드
A19: 10 | B19: RCLIPS | C19: R0005 | D19: 소호특화통합평점 | E19: L | F19: 15 | G19: 결과항목 | H19: 소호특화통합평가점수
A20: 11 | B20: RCLIPS | C20: R0006 | D20: 소호특화통합등급 | E20: S | F20: 2 | G20: 결과항목 | H20: 소호특화등급구분코드 s소호특화등급코드
A21: 12 | B21: RCLIPS | C21: R0007 | D21: 통합소호등급 | E21: S | F21: 2 | G21: 결과항목 | H21: 소호BSS등급구분코드
A22: 13 | B22: RCLIPS | C22: R0008 | D22: 최종한도 | E22: L | F22: 15 | G22: 결과항목 | H22: 실시간최종한도금액
A23: 14 | B23: RCLIPS | C23: R0009 | D23: 최장대출기간 | E23: L | F23: 15 | G23: 결과항목 | H23: 실시간최장대출기간수
A24: 15 | B24: RCLIPS | C24: R0010 | D24: 최장거치기간 | E24: L | F24: 15 | G24: 결과항목 | H24: 실시간최장거치기간수
A25: 16 | B25: RCLIPS | C25: R0011 | D25: 초기한도 | E25: L | F25: 15 | G25: 결과항목 | H25: RCLIPS초기한도금액
A26: 17 | B26: RCLIPS | C26: R0012 | D26: N1차조정후한도 | E26: L | F26: 15 | G26: 결과항목 | H26: N1차조정후한도금액
... A54: 45 | B54: RCLIPS | C54: R0040 | D54: 소매비소매구분제한여부 | E54: S | F54: 1 | G54: 결과항목 | H54: 소매비소매구분제한여부
A55: 46 | B55: RCLIPS | C55: R0041 | D55: 내부정책발급제한내용 | E55: S | F55: 200 | G55: 결과항목 | H55: 내부정책발급제한내용
A56: 47 | B56: RCLIPS | C56: R0042 | D56: 사업장발급제한내용 | E56: S | F56: 200 | G56: 결과항목 | H56: 사업장발급제한내용
A57: 48 | B57: RCLIPS | C57: R0043 | D57: 대표자발급제한내용 | E57: S | F57: 200 | G57: 결과항목 | H57: 대표자발급제한내용
A58: 49 | B58: RCLIPS | C58: R0044 | D58: 최종KO결과코드 | E58: S | F58: 200 | G58: 결과항목 | H58: 최종불가사유결과내용
A59: 46 | B59: RCLIPS | C59: R0045 | D59: 적용금리코드 | E59: S | F59: 2 | G59: 결과항목 | H59: 카드론금리등급구분코드
A60: 47 | B60: RCLIPS | C60: R0046 | D60: 적용금리 | E60: D | F60: 5.2 | G60: 결과항목 | H60: 최종대출적용금리
A61: 48 | B61: RCLIPS | C61: R0047 | D61: 대표자KCBDSR비율 | E61: D | F61: 5.2 | G61: 결과항목 | H61: 대표자KCBDSR비율
A62: 49 | B62: RCLIPS | C62: R0048 | D62: 대표자소득금액 | E62: L | F62: 15 | G62: 결과항목 | H62: 대표자소득금액
A63: 50 | B63: RCLIPS | C63: R0049 | D63: N4차조정후한도 | E63: L | F63: 15 | G63: 결과항목 | H63: N4차조정후한도금액
A64: 51 | B64: RCLIPS | C64: R0050 | D64: 최종시스템판정결과 | E64: S | F64: 2 | G64: 결과항목 | H64: 대출평가결과구분코드 s대출평가결과구분코드
A65: 52 | B65: RCLIPS | C65: R0051 | D65: Rclips버젼 | E65: S | F65: 2 | G65: 결과항목 | H65: 저장안함
A66: 53 | B66: RCLIPS | C66: R0052 | D66: KBGS중위세분화CBonly등급 | E66: S | F66: 2 | G66: 결과항목 | H66: 저장안함
A67: 54 | B67: RCLIPS | C67: R0053 | D67: KBGS중위세분화신용등급 | E67: S | F67: 2 | G67: 결과항목 | H67: 저장안함
A68: 57 | B68: RCLIPS | C68: R0056 | D68: 크레딧트리2결합스코어 | E68: L | F68: 15 | G68: 결과항목 | H68: 저장안함
A69: 58 | B69: RCLIPS | C69: R0057 | D69: 크레딧트리2결합등급 | E69: S | F69: 2 | G69: 결과항목 | H69: 저장안함
A70: 59 | B70: RCLIPS | C70: R1001 | D70: 소호로지스틱ASS버전명 | E70: S | F70: 10 | G70: 결과항목 | H70: 소호로지스틱ASS버전명
... A76: 65 | B76: RCLIPS | C76: R1007 | D76: 소호로지스틱ASS부정사유코드값3 | E76: S | F76: 4 | G76: 결과항목 | H76: 소호로지스틱ASS부정사유코드값3
A77: 66 | B77: RCLIPS | C77: R2001 | D77: 소호고객여부 | E77: String
A78: 67 | B78: RCLIPS | C78: R2002 | D78: KB금융그룹유효고객여부 | E78: String
A79: 68 | B79: RCLIPS | C79: R2003 | D79: 비대면신용산정대상구분코드 | E79: String
A80: 69 | B80: RCLIPS | C80: R2004 | D80: 비대면신용모형구분코드 | E80: String
A81: 70 | B81: RCLIPS | C81: R2005 | D81: 비대면신용세그먼트구분코드 | E81: String
A82: 71 | B82: RCLIPS | C82: R2006 | D82: 비대면신용평가점수 | E82: Long
A83: 72 | B83: RCLIPS | C83: R2007 | D83: 비대면신용등급구분코드 | E83: String
A84: 73 | B84: RCLIPS | C84: R2008 | D84: 대안모델산정대상구분코드 | E84: String
A85: 74 | B85: RCLIPS | C85: R2009 | D85: 대안모델모형구분코드 | E85: String
A86: 75 | B86: RCLIPS | C86: R2010 | D86: 대안모델세그먼트구분코드 | E86: String
A87: 76 | B87: RCLIPS | C87: R2011 | D87: 대안모델평가점수 | E87: Long
A88: 77 | B88: RCLIPS | C88: R2012 | D88: 대안모델등급구분코드 | E88: String

Sheet RCLIPS송신(대환)
A1: Seq | B1: RCLIPS코드 | C1: 속성 | D1: 길이 | E1: R클립스_항목명 | F1: 구분 | G1: R클립스_비고 | H1: 원천정보그룹 | I1: 원천정보(원본) | J1: MDD_호출CPBI/EBI | K1: MDD_항목명 | L1: CB사 항목코드 | M1: CB사 전문번호 | N1: BITMAP | O1: 변경구분 | P1: 비고2(개발팀) | Q1: 필수입력
A2: =ROW()-1 -> 1 | B2: PKG_ID | C2: String | D2: 20 | E2: Online_C9_ASS
A3: =ROW()-1 -> 2 | B3: CNT | C3: Numeric | D3: 3 | E3: 제공항목건수 | G3: 항목코드5+항목값15
A4: =ROW()-1 -> 3 | B4: A1000 | C4: String | D4: 14 | E4: 접수번호 | G4: 신용대출(C6_A1006)와동일
A5: =ROW()-1 -> 4 | B5: A1001 | C5: String | D5: 2 | E5: 상품코드
A6: =ROW()-1 -> 5 | B6: A1004 | C6: Long | D6: 15 | E6: 연령 | G6: 신용대출(C6_A1004)와동일
A7: =ROW()-1 -> 6 | B7: A1005 | C7: String | D7: 1 | E7: 외국인여부 | G7: 신용대출(C6_A1005)와동일
A8: =ROW()-1 -> 7 | B8: A2001 | C8: String | D8: 1 | E8: 여신연체고객(KB 국민은행정보) | G8: 신용대출(C6_A2001)와동일 | I8: GEA심사사전정보내역 | J8: 심사사전정보내역조회C > 현재일자기준대출심사모형사전조회 | K8: IF (불가사유코드_V3 = 103) THEN 0 ELSE 1 END
A9: =ROW()-1 -> 8 | B9: A2002 | C9: String | D9: 1 | E9: 신용카드 거래정지 등록고객 | G9: 신용대출(C6_A2002)와동일/C11_A2004와다름 | I9: GEA심사사전정보내역 | J9: 심사사전정보내역조회C > 현재일자기준대출심사모형사전조회 | K9: IF (불가사유코드_V3 = 006) THEN 0 ELSE 1 END
A10: =ROW()-1 -> 9 | B10: A2003 | C10: String | D10: 1 | E10: 신용관리대상 및 당행정보관리 등재고객(KB 국민은행 정보) | G10: 신용대출(C6_A2003)와동일 | I10: GEA심사사전정보내역 | J10: 심사사전정보내역조회C > 현재일자기준대출심사모형사전조회 | K10: IF (불가사유코드_V3 = 014) THEN 0 ELSE 1 END
A11: =ROW()-1 -> 10 | B11: A2004 | C11: String | D11: 1 | E11: NICE 타사연체정보 보유고객(신용정보) | G11: 신용대출(C6_A2004)와동일 | I11: GEA심사사전정보내역 | J11: 심사사전정보내역조회C > 현재일자기준대출심사모형사전조회 | K11: IF (불가사유코드_V3 = 118) THEN 0 ELSE 1 END
A12: =ROW()-1 -> 11 | B12: A2005 | C12: String | D12: 1 | E12: KCB 타사연체정보 보유고객(신용정보) | G12: 신용대출(C6_A2005)와동일 | I12: GEA심사사전정보내역 | J12: 심사사전정보내역조회C > 현재일자기준대출심사모형사전조회 | K12: IF (불가사유코드_V3 = 012) THEN 0 ELSE 1 END
A13: =ROW()-1 -> 12 | B13: A2006 | C13: String | D13: 1 | E13: 사망실종 고객(고객정보) | G13: 신용대출(C6_A2006)와동일 | I13: GEA심사사전정보내역 | J13: 심사사전정보내역조회C > 현재일자기준대출심사모형사전조회 | K13: IF (불가사유코드_V3 = 001) THEN 0 ELSE 1 END
A14: =ROW()-1 -> 13 | B14: A2007 | C14: String | D14: 1 | E14: 거래주의보정보 등록고객(고객정보) | G14: 신용대출(C6_A2007)와동일 | I14: GEA심사사전정보내역 | J14: 심사사전정보내역조회C > 현재일자기준대출심사모형사전조회 | K14: IF (불가사유코드_V3 = 003) THEN 0 ELSE 1 END
A15: =ROW()-1 -> 14 | B15: A2008 | C15: String | D15: 1 | E15: 워크아웃 등록고객 | G15: 신용대출(C6_A2008)와동일 | I15: GEA심사사전정보내역 | J15: 심사사전정보내역조회C > 현재일자기준대출심사모형사전조회 | K15: IF (불가사유코드_V3 = 005) THEN 0 ELSE 1 END
A16: =ROW()-1 -> 15 | B16: A2009 | C16: String | D16: 1 | E16: 장기카드대출 연체고객 | G16: 신용대출(C6_A2009)와동일/C11_A2006과동일 | I16: GEA심사사전정보내역 | J16: 심사사전정보내역조회C > 현재일자기준대출심사모형사전조회 | K16: IF (불가사유코드_V3 = 008) THEN 0 ELSE 1 END
A17: =ROW()-1 -> 16 | B17: A2010 | C17: String | D17: 1 | E17: 요주의 등록고객(신용정보) | G17: 신용대출(C6_A2010)와동일 | I17: GEA심사사전정보내역 | J17: 심사사전정보내역조회C > 현재일자기준대출심사모형사전조회 | K17: IF (불가사유코드_V3 = 009) THEN 0 ELSE 1 END
A18: =ROW()-1 -> 17 | B18: A2011 | C18: String | D18: 1 | E18: 신용불량 채무관계제한 등록고객(신용정보) | G18: 신용대출(C6_A2011)와동일 | I18: GEA심사사전정보내역 | J18: 심사사전정보내역조회C > 현재일자기준대출심사모형사전조회 | K18: IF (불가사유코드_V3 = 010) THEN 0 ELSE 1 END
A19: =ROW()-1 -> 18 | B19: A2012 | C19: String | D19: 1 | E19: 은행 사전채무조정 신청자 및 확정자 등록고객(KB 국민은행 정보) | G19: 신용대출(C6_A2012)와동일 | I19: GEA심사사전정보내역 | J19: 심사사전정보내역조회C > 현재일자기준대출심사모형사전조회 | K19: IF (불가사유코드_V3 = 015) THEN 0 ELSE 1 END
... A41: =ROW()-1 -> 40 | B41: A2035 | C41: Long | D41: 15 | E41: 중고차할부금융잔액 | G41: 신용대출(C6_A2035)와동일 | I41: GEA심사사전정보내역 | J41: 심사사전정보내역조회C > 현재일자기준대출심사모형사전조회 | K41: 중고차대출잔액
A42: =ROW()-1 -> 41 | B42: A2036 | C42: Long | D42: 15 | E42: 스크래핑소득_건보 | G42: 신용대출(C6_A2036와동일 | H42: TBGEAA272
A43: =ROW()-1 -> 42 | B43: A2037 | C43: Long | D43: 15 | E43: 스크래핑소득_국세청 | G43: 신용대출(C6_A2037와동일 | H43: TBGEAA274
A44: =ROW()-1 -> 43 | B44: A2041 | C44: Long | D44: 15 | E44: 국민은행N6M수신평잔 | G44: 신용대출(C6_A2041)와동일 | I44: GEA심사사전정보내역 | J44: 심사사전정보내역조회C > 현재일자기준대출심사모형사전조회 | K44: 최근6개월수신평잔
A45: =ROW()-1 -> 44 | B45: A2042 | C45: Long | D45: 15 | E45: 스크래핑소득_제휴채널 | G45: 신용대출(C6_A2042)와동일/C9_A2056동일여부확인 | H45: 입력값 | I45: [i이지대환대출RCLIPS전문조립C] | J45: [i이지대환대출RCLIPS전문조립C].[연소득금액] | K45: 네이버파이낸셜관련 로직 추가.(카드론 대출가능금액조회시 네이버에서는 건보료, 신용대출의 경우 건보료, 사업자대출의 경우 국세청)
A46: =ROW()-1 -> 45 | B46: A2043 | C46: String | D46: 2 | E46: 혜택가맹점구분 | G46: 신용대출(C6_A2043)와동일 | K46: [r비회원사전대상자내역기간조회E].[혜택가맹점구분코드]
A47: =ROW()-1 -> 46 | B47: A2044 | C47: Double | D47: 3 | E47: 혜택가맹점할인율 | G47: 신용대출(C6_A2044)와동일 | K47: [r비회원사전대상자내역기간조회E].[혜택가맹점할인률]
A48: =ROW()-1 -> 47 | B48: A2045 | C48: Long | D48: 5 | E48: 사업자등록경과일수 | G48: 신용대출(C6_A2045)와동일 | K48: [r비회원사전대상자내역기간조회E].[사업자등록경과일수]
A49: =ROW()-1 -> 48 | B49: A2046 | C49: String | D49: 1 | E49: 개인사업자여부 | G49: 신용대출(C6_A2046)와동일 | K49: [r비회원사전대상자내역기간조회E].[개인사업자여부]
A50: =ROW()-1 -> 49 | B50: A2047 | C50: String | D50: 1 | E50: 소호고객여부 | G50: 신용대출(C6_A2047)와동일 | K50: [r비회원사전대상자내역기간조회E].[소호고객여부]
A51: =ROW()-1 -> 50 | B51: A2048 | C51: String | D51: 1 | E51: 소호특화등급산정대상여부 | G51: 신용대출(C6_A2048)와동일 | K51: [r비회원사전대상자내역기간조회E].[소호특화등급산정대상여부]
A52: =ROW()-1 -> 51 | B52: A2049 | C52: String | D52: 2 | E52: 소호특화가중치구분코드 | G52: 신용대출(C6_A2049)와동일 | K52: [r비회원사전대상자내역기간조회E].[소호특화가중치구분코드]
A53: =ROW()-1 -> 52 | B53: A2050 | C53: Long | D53: 5 | E53: 소호특화통합평가점수 | G53: 신용대출(C6_A2050)와동일 | K53: [r비회원사전대상자내역기간조회E].[소호특화통합평가점수]
A54: =ROW()-1 -> 53 | B54: A2051 | C54: String | D54: 2 | E54: 소호특화통합등급구분코드 | G54: 신용대출(C6_A2051)와동일 | K54: [r비회원사전대상자내역기간조회E].[소호특화통합등급구분코드]
A55: =ROW()-1 -> 54 | B55: A2052 | C55: Long | D55: 5 | E55: 가맹점신규경과월수 | G55: 신용대출(C6_A2052)와동일 | K55: [r비회원사전대상자내역기간조회E].[가맹점신규경과월수]
A56: =ROW()-1 -> 55 | B56: A2053 | C56: Double | D56: 15 | E56: N3M1M평균매출액변동률 | G56: 신용대출(C6_A2053)와동일 | K56: [r비회원사전대상자내역기간조회E].[N3개월1개월평균매출금액변동률]
A57: =ROW()-1 -> 56 | B57: A2054 | C57: Double | D57: 15 | E57: N6M3M평균매출액변동률 | G57: 신용대출(C6_A2054)와동일 | K57: [r비회원사전대상자내역기간조회E].[N6개월3개월평균매출금액변동률]
A58: =ROW()-1 -> 57 | B58: A2055 | C58: Long | D58: 15 | E58: 순수비회원신용대출_계좌수 | G58: 신용대출(C6_A2055)와동일 | I58: GEA심사사전정보내역 | J58: 심사사전정보내역조회C > 현재일자기준대출심사모형사전조회 | K58: 비회원신용대출건수_N9
A59: =ROW()-1 -> 58 | B59: A2056 | C59: Long | D59: 15 | E59: 고객으로부터 입력받은 연소득금액 | H59: 입력값 | J59: [i이지대환대출RCLIPS전문조립C].[연소득금액] | K59: 고객입력연소득금액_N15
A60: =ROW()-1 -> 59 | B60: A2060 | C60: Long | D60: 15 | E60: 국은6개월신탁평잔 | G60: 신용대출(C6_A2060)와동일 | K60: [r비회원사전대상자내역기간조회E].[KB국민은행6개월신탁평잔]
A61: =ROW()-1 -> 60 | B61: A2061 | C61: Long | D61: 15 | E61: 국은6개월방카평잔 | G61: 신용대출(C6_A2061)와동일 | K61: [r비회원사전대상자내역기간조회E].[KB국민은행6개월방카슈랑스평잔]
A62: =ROW()-1 -> 61 | B62: A2062 | C62: Long | D62: 15 | E62: 기업대출한도평가정보조회 | G62: 신용대출(C6_A2062)와동일 | H62: TBGEAA001 | J62: 기업대출한도평가정보조회 | K62: bd개인사업자대출가능금액
A63: =ROW()-1 -> 62 | B63: A2063 | C63: Long | D63: 15 | E63: 기업대출잔액 | G63: 신용대출(C6_A2063)와동일 | I63: GEA심사사전정보내역 | J63: 심사사전정보내역조회C > 현재일자기준대출심사모형사전조회 | K63: 개인사업자대출잔액_N15
A64: =ROW()-1 -> 63 | B64: A2064 | C64: String | D64: 1 | E64: 개인특수채권보유여부 | G64: 개사대출(C11_A2007)과동일 | K64: s대표자특수채권보유여부
A65: =ROW()-1 -> 64 | B65: A2065 | C65: String | D65: 1 | E65: 개인카드연체여부 | G65: 개사대출(C11_A2005)요건확인 | K65: s대표자개인카드연체여부
A66: =ROW()-1 -> 65 | B66: A2066 | C66: Long | D66: 15 | E66: 카드론한도 | G66: 개사대출(C11_A2039)요건확인 | H66: TBGEAA001 | K66: bd카드론대출가능금액
A67: =ROW()-1 -> 66 | B67: A2067 | C67: Long | D67: 15 | E67: 이지론플러스한도 | G67: 개사대출(C11_A2040)요건확인 | H67: TBGEAA001 | K67: bd이지론플러스대출가능금액
A68: =ROW()-1 -> 67 | B68: A2068 | C68: Long | D68: 15 | E68: 순수신용대출한도 | G68: 개사대출(C11_A2041)요건확인 | H68: TBGEAA001 | K68: bd신용대출대출가능금액
A69: =ROW()-1 -> 68 | B69: A2069 | C69: String | D69: 2 | E69: 카드론금리등급구분코드 | H69: TBGEAA001 | K69: s카드론금리등급구분코드
A70: =ROW()-1 -> 69 | B70: A2070 | C70: String | D70: 2 | E70: 이지론플러스금리등급구분코드 | H70: TBGEAA001 | K70: s이지론플러스금리등급구분코드
A71: =ROW()-1 -> 70 | B71: A2071 | C71: Long | D71: 15 | E71: 대출이동대상_상환예정금액 | H71: 입력값 | J71: [i이지대환대출RCLIPS전문조립C].[대출이동대상상환예정금액_N15]
A72: =ROW()-1 -> 71 | B72: A2072 | C72: Long | D72: 15 | E72: 대출이동대상_원리금 | H72: TBGEAA222 | J72: rGEA신용정보원대출정보비교조회E | K72: 신DTI연간추정금액
A73: =ROW()-1 -> 72 | B73: A2073 | C73: String | D73: 3 | E73: 대출이동대상_기관코드 | H73: TBGEAA222 | J73: rGEA신용정보원대출정보비교조회E | K73: KCIS부점코드
A74: =ROW()-1 -> 73 | B74: A2074 | C74: String | D74: 2 | E74: 대출이동대상_업권 | H74: 입력값 | J74: [i이지대환대출RCLIPS전문조립C].[대출이동대상업권_V2]
A75: =ROW()-1 -> 74 | B75: A2075 | C75: String | D75: 2 | E75: 최저보유업권 | F75: 008 | H75: 입력값 | J75: [i이지대환대출RCLIPS전문조립C].[최저보유업권_V2]
A76: =ROW()-1 -> 75 | B76: A2076 | C76: String | D76: 4 | E76: 국세청소득구분코드 | G76: 카드론(C9_A2052)와동일 | J76: [r스크래핑국세청최종소득금액조회E].[국세청소득구분코드]
A77: =ROW()-1 -> 76 | B77: A2077 | C77: String | D77: 1 | E77: 건강보험가입자구분코드 | G77: 카드론(C9_A2053)와동일 | J77: [r스크래핑건강보험최종소득금액조회E].[건강보험가입자구분코드]
A78: =ROW()-1 -> 77 | B78: A2078 | C78: String | D78: 1 | E78: 건강보험3개월납부여부 | G78: 카드론(C9_A2054)와동일 | J78: [r스크래핑건강보험최종소득금액조회E].[건강보험3개월납부여부_V1]
A79: =ROW()-1 -> 78 | B79: A2079 | C79: String | D79: 8 | E79: 신용카드최초가입년월일 | G79: 카드론(C9_A2054)와동일 | J79: [rGAC회원기본고객식별자조회E].[회원최초신규발급년월일]
A80: =ROW()-1 -> 79 | B80: A2080 | C80: String | D80: 1 | E80: 대출상환유예차주여부 | G80: 개사대출(C11_A2046)과동일 | J80: [r카드론상환유예건수조회E].[유예건수_N13]
A81: =ROW()-1 -> 80 | B81: A2081 | C81: Long | D81: 15 | E81: 이지대환대출잔액 | G81: A2014같은거 대출나간거 | I81: GEA심사사전정보내역 | J81: 심사사전정보내역조회C > 현재일자기준대출심사모형사전조회 | K81: 이지대환대출잔액_N15
A82: =ROW()-1 -> 81 | B82: A2082 | C82: Long | D82: 15 | E82: 대출이동대상_대출잔액 | J82: rGEA신용정보원대출정보비교조회E | K82: KCIS대출잔액
A83: =ROW()-1 -> 82 | B83: A2083 | C83: C | D83: 1 | E83: 금결원_신정원_계좌불일치여부 | K83: s계좌불일치여부
A84: =ROW()-1 -> 83 | B84: A2084 | C84: C | D84: 1 | E84: 소개대출여부 | K84: 소개대출여부_V1 | L84: 소개대출접수번호일 경우 1, 당사접수분일경우 0
A85: =ROW()-1 -> 84 | B85: A2085 | C85: Long | D85: 15 | E85: 이지대환대출한도평가정보조회
A86: =ROW()-1 -> 85 | B86: A2086 | C86: S | D86: 6 | E86: 대출이동대상_금결원_은행코드||하위기관코드
A87: =ROW()-1 -> 86 | B87: A2087 | C87: N | D87: 15 | E87: 캐피탈대출잔액합계
A88: =ROW()-1 -> 87 | B88: A2088 | C88: N | D88: 15 | E88: 오토론대출잔액_차세대이전ONLY
A89: =ROW()-1 -> 88 | B89: A2089 | C89: N | D89: 15 | E89: 신용카드통합한도금액
A90: =ROW()-1 -> 89 | B90: A2091 | C90: S | D90: 1 | E90: 대출이동대상_신용대출여부
A91: =ROW()-1 -> 90 | B91: A2092 | C91: S | D91: 2 | E91: 채널구분
A92: =ROW()-1 -> 91 | B92: A2093 | C92: S | D92: 2 | E92: 채널세부구분
A93: =ROW()-1 -> 92 | B93: A2094 | C93: N | D93: 9 | E93: 스크래핑소득_국민연금환산
A94: =ROW()-1 -> 93 | B94: A2095 | C94: N | D94: 9 | E94: 스크래핑소득_공무원연금환산
A95: =ROW()-1 -> 94 | B95: B2001 | C95: Long | D95: 15 | E95: (카드)최장연체일수1년 | G95: 카드론(C9_B2001)와동일 | J95: r신용회원사전대상자내역기간조회E
A96: =ROW()-1 -> 95 | B96: B2002 | C96: Long | D96: 15 | E96: (카드+론)연체해제후경과월수(3년) | G96: 카드론(C9_B2002)와동일 | J96: r신용회원사전대상자내역기간조회E
A97: =ROW()-1 -> 96 | B97: B2003 | C97: Long | D97: 15 | E97: (카드+론)합계연체일수1월 | G97: 카드론(C9_B2003)와동일 | J97: r신용회원사전대상자내역기간조회E
A98: =ROW()-1 -> 97 | B98: B2004 | C98: Double | D98: 15 | E98: (신용카드)최근1개월한도소진율 | G98: 카드론(C9_B2004)와동일 | J98: r신용회원사전대상자내역기간조회E
A99: =ROW()-1 -> 98 | B99: B2005 | C99: Long | D99: 15 | E99: (은행)급여이체금액3개월합계 | G99: 카드론(C9_B2005)와동일 | J99: r신용회원사전대상자내역기간조회E
A100: =ROW()-1 -> 99 | B100: B2006 | C100: Long | D100: 15 | E100: (은행)저축성평잔1개월(신탁등포함) | G100: 카드론(C9_B2006)와동일 | J100: r신용회원사전대상자내역기간조회E
A101: =ROW()-1 -> 100 | B101: B2007 | C101: Long | D101: 15 | E101: (비은행)총수신평잔1개월(신탁등포함) | G101: 카드론(C9_B2007)와동일 | J101: r신용회원사전대상자내역기간조회E
A102: =ROW()-1 -> 101 | B102: B2008 | C102: Double | D102: 15 | E102: 최근6개월 평균할부금액(무제) | G102: 카드론(C9_B2008)와동일 | J102: r신용회원사전대상자내역기간조회E
A103: =ROW()-1 -> 102 | B103: B2009 | C103: Double | D103: 15 | E103: 업종3_최근6개월카드총이용건수비율(체크포함CA제외) | G103: 카드론(C9_B2009)와동일 | J103: r신용회원사전대상자내역기간조회E
A104: =ROW()-1 -> 103 | B104: B2010 | C104: Long | D104: 15 | E104: 최근1개월현금서비스이용금액 | G104: 카드론(C9_B2010)와동일 | J104: r신용회원사전대상자내역기간조회E
A105: =ROW()-1 -> 104 | B105: B2011 | C105: Double | D105: 15 | E105: 최근3개월 평균할부금액(무제) | G105: 카드론(C9_B2011)와동일 | J105: r신용회원사전대상자내역기간조회E
A106: =ROW()-1 -> 105 | B106: B2012 | C106: Long | D106: 15 | E106: 최근1개월현금서비스이용건수 | G106: 카드론(C9_B2012)와동일 | J106: r신용회원사전대상자내역기간조회E
A107: =ROW()-1 -> 106 | B107: A3021 | C107: Long | D107: 9 | E107: 최근12개월 카드 신판사용개월수(체크카드사용포함)(15일기준) | G107: 신용대출(C6_A3021)와동일 | L107: CF1200610
A108: =ROW()-1 -> 107 | B108: A3022 | C108: Long | D108: 9 | E108: 현금서비스이용잔액기관수 | G108: 신용대출(C6_A3022)와동일 | L108: CS0000050
A109: =ROW()-1 -> 108 | B109: A3026 | C109: Long | D109: 9 | E109: (신용관리대상/공공정보)등록 총 건수 | G109: 신용대출(C6_A3026)와동일 | L109: B12000100
A110: =ROW()-1 -> 109 | B110: A3027 | C110: Long | D110: 9 | E110: 대부업계 30일이상 연체 미해제 총 건수 | G110: 신용대출(C6_A3027)와동일 | L110: DQ0052001
A111: =ROW()-1 -> 110 | B111: A3028 | C111: String | D111: 1 | E111: 신용회복위원회 조정정보 보유 유무 | G111: 신용대출(C6_A3028)와동일 | L111: BS0000783
A112: =ROW()-1 -> 111 | B112: A3029 | C112: String | D112: 1 | E112: 희망모아 신용회복지원 대상 구분 | G112: 신용대출(C6_A3029)와동일 | L112: BS0000051
A113: =ROW()-1 -> 112 | B113: A3030 | C113: String | D113: 1 | E113: 상록수 신용회복지원 구분 | G113: 신용대출(C6_A3030)와동일 | L113: BS0000784
A114: =ROW()-1 -> 113 | B114: A3031 | C114: String | D114: 1 | E114: 파산면책 등록 유무 | G114: 신용대출(C6_A3031)와동일 | L114: CRT000005
A115: =ROW()-1 -> 114 | B115: A3032 | C115: String | D115: 1 | E115: 개인회생 등록 유무 | G115: 신용대출(C6_A3032)와동일 | L115: CRT000006
A116: =ROW()-1 -> 115 | B116: A3033 | C116: String | D116: 1 | E116: 한정치산선고 유무 | G116: 신용대출(C6_A3033)와동일 | L116: CRT000015
A117: =ROW()-1 -> 116 | B117: A3034 | C117: String | D117: 1 | E117: 금치산선고 유무 | G117: 신용대출(C6_A3034)와동일 | L117: CRT000013
A118: =ROW()-1 -> 117 | B118: A3035 | C118: String | D118: 1 | E118: 기준일 현재 행안부 사망자 여부 | G118: 신용대출(C6_A3035)와동일 | L118: LIVESTAT2
A119: =ROW()-1 -> 118 | C119: Double | D119: 9 | E119: 미해제 연체 총 기관수 (일보 기준) | G119: 신용대출(C6_A3036)와동일 | L119: KR5000001
A120: =ROW()-1 -> 119 | B120: A3037 | C120: Long | D120: 9 | E120: 연체 총 잔액(해제후1년경과건제외) | G120: 신용대출(C6_A3037)와동일 | L120: P71010400
A121: =ROW()-1 -> 120 | B121: A3038 | C121: Long | D121: 9 | E121: 최근3개월내 미해지 신용카드 발급 총건수 | G121: 신용대출(C6_A3038)와동일 | L121: C11060600
...

Sheet RCLIPS수신(대환)
A1: NO | B1: 원천구분 | C1: R-Clips 코드 | D1: 항목명 | E1: 형식 | F1: 길이 | G1: 구분 | H1: TBGEAA219,MDD 항목명 | I1: 비고(현업) | J1: 비고(NEW) | K1: 비고(OLD)
A2: =ROW()-3 -> -1 | B2: RCLIPS | D2: 결과코드 | E2: String | F2: 4 | I2: 0000이 아닐 경우 오류
A3: =ROW()-3 -> 0 | B3: RCLIPS | D3: 결과건수 | E3: Numeric | F3: 3 | I3: 결과항목(코드5+값15) 건수
A4: =ROW()-3 -> 1 | B4: RCLIPS | D4: 기준년월 | E4: String | F4: 6
A5: =ROW()-3 -> 2 | B5: RCLIPS | D5: 접수번호 | E5: String | F5: 14
A6: =ROW()-3 -> 3 | B6: RCLIPS | D6: 고객식별자 | E6: String | F6: 10
A7: =ROW()-3 -> 4 | B7: RCLIPS | D7: 회원일련번호 | E7: String | F7: 8
A8: =ROW()-3 -> 5 | B8: RCLIPS | C8: A1000 | D8: 접수번호 | E8: String | F8: 14
A9: 6 | B9: RCLIPS | C9: R0001 | D9: 상품코드 | E9: String | F9: 2 | G9: 결과항목 | H9: 카드론평가상품구분코드
A10: 7 | B10: RCLIPS | C10: R0002 | D10: 최종대출가능금액 | E10: Long | F10: 15 | G10: 결과항목 | H10: 최종대출가능금액
A11: 8 | B11: RCLIPS | C11: R0003 | D11: 금리등급 | E11: String | F11: 2 | G11: 결과항목 | H11: 이지대환금리등급구분코드
A12: 9 | B12: RCLIPS | C12: R0004 | D12: 대출이율 | E12: Double | F12: 5.2 | G12: 결과항목 | H12: 적용이율
A13: 10 | B13: RCLIPS | C13: R0005 | D13: 최장대출기간 | E13: Long | F13: 15 | G13: 결과항목 | H13: 실시간최장대출기간수
A14: 11 | B14: RCLIPS | C14: R0006 | D14: 최장거치기간 | E14: Long | F14: 15 | G14: 결과항목 | H14: 실시간최장거치기간수
A15: 12 | B15: RCLIPS | C15: R0007 | D15: 당사신용체크회원구분 | E15: String | F15: 1 | G15: 결과항목 | H15: 이지대환회원구분코드
A16: 13 | B16: RCLIPS | C16: R0008 | D16: 사업자여부 | E16: String | F16: 1 | G16: 결과항목 | H16: 유효사업자여부
A17: 14 | B17: RCLIPS | C17: R0009 | D17: 취급불가내용 | E17: String | F17: 4 | G17: 결과항목 | H17: 대출심사취급불가내용
A18: 15 | B18: RCLIPS | C18: R0010 | D18: 대출탈락사유내용 | E18: String | F18: 15 | G18: 결과항목 | H18: 실시간대출탈락사유
A19: 16 | B19: RCLIPS | C19: R0011 | D19: 컷오프통과여부 | E19: String | F19: 1 | G19: 결과항목 | H19: 최종컷오프통과여부
A20: 17 | B20: RCLIPS | C20: R0012 | D20: 낙아웃탈락여부 | E20: String | F20: 1 | G20: 결과항목 | H20: 낙아웃탈락여부
... A75: 72 | B75: RCLIPS | C75: R0067 | D75: 스크래핑연환산소득_국세청 | E75: Long | F75: 15 | G75: 결과항목 | H75: 국세청스크래핑연환산소득금액
A76: 73 | B76: RCLIPS | C76: R0068 | D76: 다중채무자여부 | E76: String | F76: 1 | G76: 결과항목
A77: 74 | B77: RCLIPS | C77: R0069 | D77: 카드론금리등급구분코드 | E77: String | F77: 2 | G77: 결과항목 | H77: 카드론금리등급구분코드
A78: 75 | B78: RCLIPS | C78: R0070 | D78: 이지론플러스금리등급구분코드 | E78: String | F78: 2 | G78: 결과항목 | H78: 이지론플러스금리등급구분코드
A79: 76 | B79: RCLIPS | C79: R0071 | D79: 카드론결합CB등급구분코드 | E79: String | F79: 2 | G79: 결과항목 | H79: 카드론결합CB등급구분코드
A80: 77 | B80: RCLIPS | C80: R0072 | D80: ASS사용구분 | E80: String | F80: 1 | G80: 결과항목 | H80: ASS사용구분값
A81: 78 | B81: RCLIPS | C81: R0073 | D81: 예외승인여부 | E81: String | F81: 1 | G81: 결과항목 | H81: 카드론예외승인구분코드
A82: 79 | B82: RCLIPS | C82: R0074 | D82: 알클립스버전코드_확인용 | E82: String | F82: 5 | G82: 결과항목 | H82: RCLIPS버전정보
A83: 80 | B83: RCLIPS | C83: R0075 | D83: 시스템판정결과상세코드 | E83: String | F83: 2 | G83: 결과항목 | H83: 시스템상세판정코드
A84: 81 | B84: RCLIPS | C84: R0076 | D84: 금소법용_연대출잔액 | E84: Long | F84: 15 | G84: 결과항목 | H84: 부채합계금액
A85: 82 | B85: RCLIPS | C85: R0077 | D85: 금소법용_연평균추정소득 | E85: Long | F85: 15 | G85: 결과항목 | H85: 실시간평균추정소득금액
A86: 83 | B86: RCLIPS | C86: R0078 | D86: 총대출잔액_대출이동계좌제외 | E86: Long | F86: 15 | G86: 결과항목 | H86: 저장안함
A87: 84 | B87: RCLIPS | C87: R0079 | D87: 신정원원리금상환금액_대출이동계좌제외 | E87: Long | F87: 15 | G87: 결과항목 | H87: 저장안함
A88: 85 | B88: RCLIPS | C88: R0080 | D88: 대출이동대상계좌_대출잔액 | E88: Long | F88: 15 | G88: 결과항목 | H88: 저장안함
... A99: 96 | B99: RCLIPS | C99: R0093 | D99: 신정원신용대출카드론잔액 | E99: Long | F99: 15 | G99: 결과항목 | H99: 신정원신용대출카드론잔액

Sheet WORK
A1: RCLIPS코드 | B1: 속성 | C1: 길이 | D1: R클립스_항목명 | E1: 구분 | F1: R클립스_비고 | G1: 원천정보그룹 | H1: 원천정보(원본) | I1: MDD_호출CPBI/EBI | J1: MDD_항목명
A2: A1001 | B2: Character | C2: 2 | D2: 상품코드 | E2: 내부항목 | F2: 비회원 = '18' | H2: GEA심사사전정보내역 | I2: i신용대출RCLIPS전문조립C | J2: 카드론평가상품구분코드
A3: A1002 | B3: Numeric | C3: 9 | D3: 대출신청금액 | E3: 내부항목 | F3: '17.12 삭제 | H3: #N/A | I3: 삭제 | J3: 삭제
A4: A1003 | B4: Numeric | C4: 9 | D4: 대출희망기간 | E4: 내부항목 | F4: '17.12 삭제 | H4: #N/A | I4: 삭제 | J4: 삭제
A5: A1004 | B5: Numeric | C5: 9 | D5: 연령 | E5: 내부항목 | F5: 24세 이하 소득유의고객 | H5: GEA심사사전정보내역 | I5: i신용대출RCLIPS전문조립C | J5: 주민등록번호
A6: A1005 | B6: Character | C6: 1 | D6: 외국인여부 | E6: 내부항목 | H6: GEA심사사전정보내역 | I6: 심사사전정보내역조회C > GEA심사사전정보내역 | J6: 고객고유번호구분코드
A7: A1006 | B7: Character | C7: 14 | D7: 접수번호 | E7: 내부항목 | H7: GEA심사사전정보내역 | I7: i신용대출RCLIPS전문조립C | J7: 카드론신청서접수번호
A8: A2001 | B8: Character | C8: 1 | D8: 여신연체고객(KB 국민은행정보) | E8: 내부항목 | F8: KB카드실시간KO IN ('013') | H8: GEA심사사전정보내역 | I8: 심사사전정보내역조회C > 현재일자기준대출심사모형사전조회 | J8: IF (불가사유코드_V3 = 103) THEN 0 ELSE 1 END
A9: A2002 | B9: Character | C9: 1 | D9: 신용카드 거래정지 등록고객 | E9: 내부항목 | F9: KB카드실시간KO IN ('006'), 회원별거래정지중 탈회는 재확인 필요 별도코드 신설 검토 | H9: GEA심사사전정보내역 | I9: 심사사전정보내역조회C > 현재일자기준대출심사모형사전조회 | J9: IF (불가사유코드_V3 = 006) THEN 0 ELSE 1 END
A10: A2003 | B10: Character | C10: 1 | D10: 신용관리대상 및 당행정보관리 등재고객(KB 국민은행 정보) | E10: 내부항목 | F10: KB카드실시간KO IN ('014') | H10: GEA심사사전정보내역 | I10: 심사사전정보내역조회C > 현재일자기준대출심사모형사전조회 | J10: IF (불가사유코드_V3 = 014) THEN 0 ELSE 1 END
A11: A2004 | B11: Character | C11: 1 | D11: NICE 타사연체정보 보유고객(신용정보) | E11: 내부항목 | F11: KB카드실시간KO IN ('118') | H11: GEA심사사전정보내역 | I11: 심사사전정보내역조회C > 현재일자기준대출심사모형사전조회 | J11: IF (불가사유코드_V3 = 118) THEN 0 ELSE 1 END
A12: A2005 | B12: Character | C12: 1 | D12: KCB 타사연체정보 보유고객(신용정보) | E12: 내부항목 | F12: KB카드실시간KO IN ('012') | H12: GEA심사사전정보내역 | I12: 심사사전정보내역조회C > 현재일자기준대출심사모형사전조회 | J12: IF (불가사유코드_V3 = 012) THEN 0 ELSE 1 END
A13: A2006 | B13: Character | C13: 1 | D13: 사망실종 고객(고객정보) | E13: 내부항목 | F13: KB카드실시간KO IN ('001') | H13: GEA심사사전정보내역 | I13: 심사사전정보내역조회C > 현재일자기준대출심사모형사전조회 | J13: IF (불가사유코드_V3 = 001) THEN 0 ELSE 1 END
A14: A2007 | B14: Character | C14: 1 | D14: 거래주의보정보 등록고객(고객정보) | E14: 내부항목 | F14: KB카드실시간KO IN ('003') | H14: GEA심사사전정보내역 | I14: 심사사전정보내역조회C > 현재일자기준대출심사모형사전조회 | J14: IF (불가사유코드_V3 = 003) THEN 0 ELSE 1 END
A15: A2008 | B15: Character | C15: 1 | D15: 워크아웃 등록고객 | E15: 내부항목 | F15: KB카드실시간KO IN ('005') | H15: GEA심사사전정보내역 | I15: 심사사전정보내역조회C > 현재일자기준대출심사모형사전조회 | J15: IF (불가사유코드_V3 = 005) THEN 0 ELSE 1 END
A16: A2009 | B16: Character | C16: 1 | D16: 장기카드대출 연체고객 | E16: 내부항목 | F16: KB카드실시간KO IN ('008') | H16: GEA심사사전정보내역 | I16: 심사사전정보내역조회C > 현재일자기준대출심사모형사전조회 | J16: IF (불가사유코드_V3 = 008) THEN 0 ELSE 1 END
A17: A2010 | B17: Character | C17: 1 | D17: 요주의 등록고객(신용정보) | E17: 내부항목 | F17: KB카드실시간KO IN ('009') | H17: GEA심사사전정보내역 | I17: 심사사전정보내역조회C > 현재일자기준대출심사모형사전조회 | J17: IF (불가사유코드_V3 = 009) THEN 0 ELSE 1 END
A18: A2011 | B18: Character | C18: 1 | D18: 신용불량 채무관계제한 등록고객(신용정보) | E18: 내부항목 | F18: KB카드실시간KO IN ('010') | H18: GEA심사사전정보내역 | I18: 심사사전정보내역조회C > 현재일자기준대출심사모형사전조회 | J18: IF (불가사유코드_V3 = 010) THEN 0 ELSE 1 END
A19: A2012 | B19: Character | C19: 1 | D19: 은행 사전채무조정 신청자 및 확정자 등록고객(KB 국민은행 정보) | E19: 내부항목 | F19: KB카드실시간KO IN ('015') | H19: GEA심사사전정보내역 | I19: 심사사전정보내역조회C > 현재일자기준대출심사모형사전조회 | J19: IF (불가사유코드_V3 = 015) THEN 0 ELSE 1 END
A20: A2013 | B20: Character | C20: 1 | D20: 고객기본정보 구분코드 오류(고객정보) | E20: 내부항목 | F20: KB카드실시간KO IN ('016') | H20: GEA심사사전정보내역 | I20: 심사사전정보내역조회C > 현재일자기준대출심사모형사전조회 | J20: IF (불가사유코드_V3 = 016) THEN 0 ELSE 1 END
A21: A2014 | B21: Numeric | C21: 15 | D21: 카드론대출잔액 | E21: 내부항목 | H21: GEA심사사전정보내역 | I21: 심사사전정보내역조회C > 현재일자기준대출심사모형사전조회 | J21: 카드론대출잔액
A22: A2015 | B22: Numeric | C22: 15 | D22: 오토론대출잔액 | E22: 내부항목 | H22: GEA심사사전정보내역 | I22: 심사사전정보내역조회C > 현재일자기준대출심사모형사전조회 | J22: 오토론대출잔액
A23: A2016 | B23: Numeric | C23: 15 | D23: 신용대출잔액 | E23: 내부항목 | H23: GEA심사사전정보내역 | I23: 심사사전정보내역조회C > 현재일자기준대출심사모형사전조회 | J23: 신용대출잔액
A24: A2017 | B24: Numeric | C24: 15 | D24: 대환론대출잔액 | E24: 내부항목 | H24: GEA심사사전정보내역 | I24: 심사사전정보내역조회C > 현재일자기준대출심사모형사전조회 | J24: 대환론대출잔액
A25: A2018 | B25: Numeric | C25: 15 | D25: 순수 비회원 신용대출 잔액 | E25: 내부항목 | F25: KHC 추가 필요 항목 | H25: GEA심사사전정보내역 | I25: 심사사전정보내역조회C > 현재일자기준대출심사모형사전조회 | J25: 순수비회원신용대출잔액_N15
A26: A2019 | B26: Numeric | C26: 15 | D26: 당사 신용카드 잔액 | E26: 내부항목 | H26: GEA심사사전정보내역 | I26: 심사사전정보내역조회C > 현재일자기준대출심사모형사전조회 | J26: 당사신용카드잔액 [bd당사신용카드잔액] = [r심사사전정보내역조회C].[현재일자기준대출심사모형사전조회출력Dto].[LS연체원금_N15] + [r심사사전정보내역조회C].[현재일자기준대출심사모형사전조회출력Dto].[LS청구원금_N15] + [r심사사전정보내역조회C].[현재일자기준대출심사모형사전조회출력Dto].[IS연체원금_N15] + [r심사사전정보내역조회C].[현재일자기준대출심사모형사전조회출력Dto].[IS미청구원금_N15] + [r심사사전정보내역조회C].[현재일자기준대출심사모형사전조회출력Dto].[CA연체원금] + [r심사사전정보내역조회C].[현재일자기준대출심사모형사전조회출력Dto].[CA청구원금] + [r심사사전정보내역조회C].[현재일자기준대출심사모형사전조회출력Dto].[CAI연체원금_N15] + [r심사사전정보내역조회C].[현재일자기준대출심사모형사전조회출력Dto].[CAI미청구원금_N15] + [r심사사전정보내역조회C].[현재일자기준대출심사모형사전조회출력Dto].[RCA연체원금_N15] + [r심사사전정보내역조회C].[현재일자기준대출심사모형사전조회출력Dto].[RCA이월금액_N15] + [r심사사전정보내역조회C].[현재일자기준대출심사모형사전조회출력Dto].[RCA미청구원금_N15] + [r심사사전정보내역조회C].[현재일자기준대출심사모형사전조회출력Dto].[RLS연체원금_N15] + [r심사사전정보내역조회C].[현재일자기준대출심사모형사전조회출력Dto].[RLS이월금액_N15] + [r심사사전정보내역조회C].[현재일자기준대출심사모형사전조회출력Dto].[RLS미청구원금_N15];
A27: A2020 | B27: Character | C27: 1 | D27: 유효회원여부 | E27: 내부항목 | H27: GEA심사사전정보내역 | I27: 심사사전정보내역조회C > 현재일자기준대출심사모형사전조회 | J27: KB카드유효회원여부
A28: A2021 | B28: Character | C28: 1 | D28: 유효고객여부 | E28: 내부항목 | H28: GEA심사사전정보내역 | I28: 심사사전정보내역조회C > 현재일자기준대출심사모형사전조회 | J28: KB카드유효고객여부
A29: A2022 | B29: Character | C29: 1 | D29: 신용카드소지여부 | E29: 내부항목 | H29: GEA심사사전정보내역 | I29: 심사사전정보내역조회C > 현재일자기준대출심사모형사전조회 | J29: 유효신용카드소지여부
A30: A2023 | B30: Character | C30: 1 | D30: 체크카드보유여부 | E30: 내부항목 | H30: GEA심사사전정보내역 | I30: 심사사전정보내역조회C > 현재일자기준대출심사모형사전조회 | J30: 유효체크카드소지여부
A31: A2024 | B31: Character | C31: 1 | D31: 가맹점대표자여부 | E31: 내부항목 | H31: GEA심사사전정보내역 | I31: 심사사전정보내역조회C > 현재일자기준대출심사모형사전조회 | J31: 가맹점대표자여부
A32: A2025 | B32: Character | C32: 2 | D32: 가맹점주등급 | E32: 내부항목 | H32: GEA심사사전정보내역 | I32: 미정 | J32: 미정
A33: A2026 | B33: Numeric | C33: 15 | D33: 최근 6개월 가맹점 매출액 | E33: 내부항목 | H33: GEA심사사전정보내역 | I33: 미정 | J33: 미정
A34: A2027 | B34: Numeric | C34: 15 | D34: 당사 CA 잔액 | E34: 내부항목 | H34: GEA심사사전정보내역 | I34: 심사사전정보내역조회C > 현재일자기준대출심사모형사전조회 | J34: 당사CA잔액 [bdCA잔액] = [r심사사전정보내역조회C].[현재일자기준대출심사모형사전조회출력Dto].[CA연체원금] + [r심사사전정보내역조회C].[현재일자기준대출심사모형사전조회출력Dto].[CA청구원금] + [r심사사전정보내역조회C].[현재일자기준대출심사모형사전조회출력Dto].[CAI연체원금_N15] + [r심사사전정보내역조회C].[현재일자기준대출심사모형사전조회출력Dto].[CAI미청구원금_N15] + [r심사사전정보내역조회C].[현재일자기준대출심사모형사전조회출력Dto].[RCA연체원금_N15] + [r심사사전정보내역조회C].[현재일자기준대출심사모형사전조회출력Dto].[RCA이월금액_N15] + [r심사사전정보내역조회C].[현재일자기준대출심사모형사전조회출력Dto].[RCA미청구원금_N15];
A35: A2028 | B35: Numeric | C35: 15 | D35: 당사 RLS이월잔액 | E35: 내부항목 | H35: GEA심사사전정보내역 | I35: 심사사전정보내역조회C > 현재일자기준대출심사모형사전조회 | J35: RLS이월금액_N15
A36: A2029 | B36: Numeric | C36: 15 | D36: 당사 RCA이월잔액 | E36: 내부항목 | H36: GEA심사사전정보내역 | I36: 심사사전정보내역조회C > 현재일자기준대출심사모형사전조회 | J36: RCA이월금액_N15
A37: A2030 | B37: Numeric | C37: 15 | D37: 매입할부금융잔액 | E37: 내부항목 | H37: GEA심사사전정보내역 | I37: 심사사전정보내역조회C > 현재일자기준대출심사모형사전조회 | J37: 매입할부금융잔액_N15
... A39: A2032 | B39: Numeric | C39: 15 | D39: 쉬프트론대출잔액 | E39: 내부항목 | H39: GEA심사사전정보내역 | I39: 심사사전정보내역조회C > 현재일자기준대출심사모형사전조회 | J39: 전환대출잔액_N15
A40: A2033 | B40: Character | C40: 3 | D40: 대출광고제휴업체구분코드 | E40: 내부항목 | F40: A01' : 카뱅 | H40: GEA심사사전정보내역 | I40: 심사사전정보내역조회C > 현재일자기준대출심사모형사전조회 | J40: 카드론거래매체구분코드
A41: A2034 | B41: Character | C41: 1 | D41: 우대한도소득충족여부 | E41: 내부항목 | F41: 건보료 스크래핑 우대 한도 여부 (유지수 대리 쪽에서 만들어서 넣어줌) | H41: GEA심사사전정보내역 | I41: GEA카드론심사접수내역조회E | J41: 우대한도소득기준충족여부
A42: A2035 | B42: Numeric | C42: 15 | D42: 중고차할부금융잔액 | E42: 내부항목 | F42: 20190320 추가 | H42: #N/A | I42: 미정 | J42: 미정
A43: A2036 | B43: Numeric | C43: 15 | D43: 스크래핑소득_건보 | E43: 내부항목 | F43: 20190320 추가 | H43: #N/A | I43: 미정 | J43: 미정
A44: A2037 | B44: Numeric | C44: 15 | D44: 스크래핑소득_국세청 | E44: 내부항목 | F44: 20190320 추가 | H44: #N/A | I44: 미정 | J44: 미정
A45: A3001 | B45: Numeric | C45: 9 | D45: 전은연 미상환 계좌별 은행업권 주택담보대출 총건수 | E45: NICE | H45: GEA_NICE신용요약정보상세전문 | I45: NICE비회원신용정보조회 > GEA_NICE신용요약정보조회 | J45: 은행연합회은행업권주택담보대출총건수_N5
A46: A3002 | B46: Numeric | C46: 9 | D46: 전은연 미상환 계좌별 은행업권 주택외 부동산담보대출 총건수 | E46: NICE | H46: GEA_NICE신용요약정보상세전문 | I46: NICE비회원신용정보조회 > GEA_NICE신용요약정보조회 | J46: 은행연합회은행업권주택외담보대출총건수_N5
A47: A3003 | B47: Numeric | C47: 9 | D47: 전은연 미상환 계좌별 보험업권 주택담보대출 총건수 | E47: NICE | H47: GEA_NICE신용요약정보상세전문 | I47: NICE비회원신용정보조회 > GEA_NICE신용요약정보조회 | J47: 은행연합회보험업권주택담보대출총건수_N9
A48: A3004 | B48: Numeric | C48: 9 | D48: 전은연 미상환 계좌별 보험업권 주택외 부동산담보대출 총건수 | E48: NICE | H48: GEA_NICE신용요약정보상세전문 | I48: NICE비회원신용정보조회 > GEA_NICE신용요약정보조회 | J48: 은행연합회보험주택외담보대출총건수_N5
A49: A3005 | B49: Numeric | C49: 9 | D49: 전은연 미상환 계좌별 대출 총건수 | E49: NICE | H49: GEA_NICE신용요약정보상세전문 | I49: NICE비회원신용정보조회 > GEA_NICE신용요약정보조회 | J49: 미상환대출총건수_N9
A50: A3006 | B50: Numeric | C50: 9 | D50: 전은연 미상환 계좌별 은행업권 대출 총건수 | E50: NICE | H50: GEA_NICE신용요약정보상세전문 | I50: NICE비회원신용정보조회 > GEA_NICE신용요약정보조회 | J50: 은행업권미상환대출총건수_N9
A51: A3007 | B51: Numeric | C51: 9 | D51: 전은연 미상환 계좌별 단위조합 대출 총건수 | E51: NICE | H51: GEA_NICE신용요약정보상세전문 | I51: NICE비회원신용정보조회 > GEA_NICE신용요약정보조회 | J51: 조합업권미상환대출총건수_N9
A52: A3008 | B52: Numeric | C52: 9 | D52: 전은연 미상환 계좌별 보험업권 대출 총건수 | E52: NICE | H52: GEA_NICE신용요약정보상세전문 | I52: NICE비회원신용정보조회 > GEA_NICE신용요약정보조회 | J52: 보험업권미상환대출총건수_N9
A53: A3009 | B53: Numeric | C53: 9 | D53: 전은연 미상환 계좌별 신용카드사 대출 총건수 | E53: NICE | H53: GEA_NICE신용요약정보상세전문 | I53: NICE비회원신용정보조회 > GEA_NICE신용요약정보조회 | J53: 카드업계대출총건수_N9
A54: A3010 | B54: Numeric | C54: 9 | D54: 전은연 미상환 계좌별 리스대출업권 신차 할부 총건수 | E54: NICE | H54: GEA_NICE신용요약정보상세전문 | I54: NICE비회원신용정보조회 > GEA_NICE신용요약정보조회 | J54: 캐피탈업권미상환대출총건수_N9
A55: A3011 | B55: Numeric | C55: 9 | D55: 전은연 미상환 계좌별 할부금융업권 신차 할부 총건수 | E55: NICE | H55: GEA_NICE신용요약정보상세전문 | I55: NICE비회원신용정보조회 > GEA_NICE신용요약정보조회 | J55: 은행연합회할부금융업권신차할부총건수_N9
A56: A3012 | B56: Numeric | C56: 9 | D56: 최근6개월내 경험한 연체 총 건수(10만원미만제외) | E56: NICE | H56: GEA_NICE신용요약정보상세전문 | I56: NICE비회원신용정보조회 > GEA_NICE신용요약정보조회 | J56: 최근6개월연체건수
... A99: A3055 | B99: Numeric | C99: 4 | D99: PI플러스스코어 | E99: NICE | H99: GEA_NICE신용평점정보상세전문 | I99: NICE비회원신용정보조회 > GEA_NICE신용평점정보조회 | J99: PI플러스신용등급코드
A100: A3056 | B100: Numeric | C100: 9 | D100: 실시간 대출 기관수(당사 제외 1영업일 이내 신용대출 기관수) | E100: NICE | H100: #N/A | I100: NICE대출조회 > GEA_NICE동시대출건수조회 KCB대출조회 > GEA_KCB동시대출건수조회 | J100: 대상건수_N10 + 대상건수_N10
A101: A3057 | B101: Numeric | C101: 9 | D101: 전은연대출 연간원리금상환금액(기준2) | E101: NICE | H101: GEA_NICE신용요약정보상세전문 | I101: NICE비회원신용정보조회 > GEA_NICE신용요약정보조회 | J101: 연간원리금상환금액
A102: A3058 | B102: Numeric | C102: 9 | D102: NICE추정연소득(IE0305_000의 평점관련결과값1) | E102: NICE | H102: GEA_NICE신용평점정보상세전문 | I102: NICE비회원신용정보조회 > GEA_NICE신용요약정보조회 | J102: 최종연소득금액
A103: A3059 | B103: Numeric | C103: 4 | D103: LGU+ Telco 스코어 | E103: NICE | H103: GEA_NICE신용평점정보상세전문 | I103: NICE비회원신용정보조회 > GEA_NICE신용평점정보조회 | J103: LGU통신점수_N4
A104: A3060 | B104: Numeric | C104: 4 | D104: LGU+ Telco 등급 | E104: NICE | F104: Character에서 Numeric으로 변경 | H104: GEA_NICE신용평점정보상세전문 | I104: NICE비회원신용정보조회 > GEA_NICE신용평점정보조회 | J104: LGU고객신용등급코드
A105: A3061 | B105: Numeric | C105: 4 | D105: 평점 관련 사유코드 1 | E105: NICE | H105: GEA_NICE신용평점정보상세전문 | I105: NICE비회원신용정보조회 > GEA_NICE신용평점정보조회 | J105: 평점사유코드1_V4
A106: A3062 | B106: Numeric | C106: 4 | D106: 평점 관련 사유코드 2 | E106: NICE | H106: GEA_NICE신용평점정보상세전문 | I106: NICE비회원신용정보조회 > GEA_NICE신용평점정보조회 | J106: 평점사유코드2_V4
A107: A3063 | B107: Numeric | C107: 4 | D107: 평점 관련 사유코드 3 | E107: NICE | H107: GEA_NICE신용평점정보상세전문 | I107: NICE비회원신용정보조회 > GEA_NICE신용평점정보조회 | J107: 평점사유코드3_V4
A108: A3064 | B108: Numeric | C108: 4 | D108: NICE SOHO등급 | E108: NICE | H108: GEA_NICE신용평점정보상세전문 | I108: NICE비회원신용정보조회 > GEA_NICE신용평점정보조회 | J108: NICE소호등급구분코드
A109: A4001 | B109: Numeric | C109: 4 | D109: K-Score Score | E109: KCB | H109: GEA_KCB신용정보전문 GEA_KCB신용평점정보상세전문 GEA_KCB신용요약정보상세전문 | I109: KCB신용정보조회 > GEA_KCB신용평점정보조회 | J109: KCB신용평가점수내용
A110: A4002 | B110: Numeric | C110: 2 | D110: K-Score Score등급(적용배제) | E110: KCB | F110: Character에서 Numeric으로 변경 | H110: GEA_KCB신용정보전문 GEA_KCB신용평점정보상세전문 GEA_KCB신용요약정보상세전문 | I110: KCB신용정보조회 > GEA_KCB신용평점정보조회 | J110: KCB신용등급구분코드
A111: A4003 | B111: Numeric | C111: 3 | D111: 채무불이행(신용정보사)건수(미해제) | E111: KCB | H111: GEA_KCB신용정보전문 GEA_KCB신용평점정보상세전문 GEA_KCB신용요약정보상세전문 | I111: KCB신용정보조회 > GEA_KCB신용요약정보조회 | J111: 채무불이행미해제건수
A112: A4004 | B112: Numeric | C112: 3 | D112: 연체건수(미해제)(대지급포함) | E112: KCB | H112: GEA_KCB신용정보전문 GEA_KCB신용평점정보상세전문 GEA_KCB신용요약정보상세전문 | I112: KCB신용정보조회 > GEA_KCB신용요약정보조회 | J112: 연체건수
A113: A4005 | B113: Numeric | C113: 9 | D113: 총연체금액(미해제)(대지급포함) | E113: KCB | H113: GEA_KCB신용정보전문 GEA_KCB신용평점정보상세전문 GEA_KCB신용요약정보상세전문 | I113: KCB신용정보조회 > GEA_KCB신용요약정보조회 | J113: 총연체금액_N15
A114: A4006 | B114: Numeric | C114: 9 | D114: 총최초연체금액(1개월내발생)(해제포함) | E114: KCB | H114: GEA_KCB신용정보전문 GEA_KCB신용평점정보상세전문 GEA_KCB신용요약정보상세전문 | I114: KCB신용정보조회 > GEA_KCB신용요약정보조회 | J114: 1개월내발생총최초연체금액_N15
A115: A4007 | B115: Numeric | C115: 9 | D115: 총최초연체금액(3개월내발생)(해제포함) | E115: KCB | H115: GEA_KCB신용정보전문 GEA_KCB신용평점정보상세전문 GEA_KCB신용요약정보상세전문 | I115: KCB신용정보조회 > GEA_KCB신용요약정보조회 | J115: 3개월내발생총최초연체금액_N15
A116: A4008 | B116: Numeric | C116: 3 | D116: 연체대환대출건수(미해지) | E116: KCB | H116: GEA_KCB신용정보전문 GEA_KCB신용평점정보상세전문 GEA_KCB신용요약정보상세전문 | I116: KCB신용정보조회 > GEA_KCB신용요약정보조회 | J116: 연체대환대출건수
A117: A4009 | B117: Numeric | C117: 9 | D117: 소득추정모형(결정연소득금액)(소득추정모형 VER 2.5) | E117: KCB | H117: GEA_KCB신용정보전문 GEA_KCB신용평점정보상세전문 GEA_KCB신용요약정보상세전문 | I117: KCB신용정보조회 > GEA_KCB신용요약정보조회 | J117: 소득추정모형결정연소득금액_N15
A118: A4010 | B118: Numeric | C118: 5 | D118: 일반중금리평점 | E118: KCB | H118: GEA_KCB신용요약정보상세전문 | I118: KCB신용정보조회 > GEA_KCB신용요약정보조회 | J118: 일반중금리평점_N5
A119: A4011 | B119: Character | C119: 9 | D119: 일반중금리배제사유코드 | E119: KCB | H119: GEA_KCB신용요약정보상세전문 | I119: KCB신용정보조회 > GEA_KCB신용요약정보조회 | J119: 일반중금리배제사유코드_V9
A120: A4012 | B120: Character | C120: 9 | D120: 일반중금리결과사유코드1 | E120: KCB | H120: GEA_KCB신용요약정보상세전문 | I120: KCB신용정보조회 > GEA_KCB신용요약정보조회 | J120: 일반중금리배제사유코드1_V9
A121: A4013 | B121: Character | C121: 9 | D121: 일반중금리결과사유코드2 | E121: KCB | H121: GEA_KCB신용요약정보상세전문 | I121: KCB신용정보조회 > GEA_KCB신용요약정보조회 | J121: 일반중금리배제사유코드2_V9
A122: A5001 | B122: Character | C122: 4 | D122: 그룹실적모형구분 | E122: 지주 | H122: GEA_KB지주그룹실적스코어내역 | I122: 심사사전정보내역조회 > KB지주그룹실적스코어내역고객식별자기준조회 | J122: 그룹실적모형구분코드
... A124: A5003 | B124: Numeric | C124: 5 | D124: 그룹실적ASS평점 | E124: 지주 | H124: GEA_KB지주그룹실적스코어내역 | I124: 심사사전정보내역조회 > KB지주그룹실적스코어내역고객식별자기준조회 | J124: 그룹실적ASS평점

Sheet Sheet1
A1: 목록으로 | D1: 입력 | I1: 출력 | Q1: 입력 | U1: 출력
A2: DATA | D2: 코드 | E2: 코드명 | F2: DATA TYPE | G2: LENGTH | H2: 코드값 | I2: 코드 | J2: 코드명 | K2: DATA TYPE | L2: LENGTH | M2: 코드값 | Q2: ASIS_존재여부체크 | R2: ASIS_값일치여부 | S2: TOBE_원천 | T2: 사유 | U2: ASIS_존재여부체크 | V2: ASIS_값일치여부 | W2: TOBE_원천 | X2: 사유
A3: =A4&A5&A6&A7 -> Online_C6_ASS 344A100118 A1004000000000000034A10050 A100618000130398524 A20010 A20020 A20030 A20040 A20050 A20060 A20070 A20080 A20090 A20100 A20110 A20120 A20130 A2014000000000000000A2015000000000000000A2016000000000000000A2017000000000000000A2018000000000000000A2019000000000000000A20200 A20210 A20220 A20230 A20240 A2026000000000000000A2027000000000000000A2028000000000000000A2029000000000000000A2030000000000000000A2031000000000000000A2032000000000000000A2033 A20340 A2035000000000000000A2036000000000000000A2037000000000000000A2057 A2042000000000000000A2043 A2044000000000000000A2045000000000000000A2046 A2047 A2048 A2049 A2050000000000000000A2051 A2052000000000000000A2053000000000000000A2054000000000000000A2055000000000000000A2056000000000000000A2060000000000000000A2061000000000000000A2062000000000000000A2063000000000000000A2064000000000000000A2065000000000000000A20662 A2067000000000000000A2069000000000000000A2070 A2071 A2072000000000000000A20740 A2038000000000031165A203923 A2040000000000053000A2041000000000000000A3016 A3017 A3018 A3021000000000000000A3022000000000000000A3026000000000000000A3027000000000000000A3028000000000000000A3029000000000000009A3030000000000000009A3031000000000000000A3032000000000000000A3033000000000000000A3034000000000000000A3035000000000000000A3036000000000000000A3037000000000000000A3038000000000000000A3039000000000000000A3040000000000000000A3041000000000000000A3044000000000000000A3045000000000000000A3046000000000000000A3047000000000000000A3048000000000000000A3049000000000000000A3050000000000000000A3051000000000000003A3052000000000000002A3053000000000000006A3054000000000000003A3055000000000000004A3056000000000000000A3057000000000002717A3064000000000000000A3065000000000000000A3066000000000000000A3070000000000000000A4001000000000000938A4002000000000000002A4003000000000000000A4004000000000000000A4005000000000000000A4006000000000000000A4007000000000000000A4008000000000000000A4014000000000000000A4015000000000000000A4016000000000000007A4017-00000099999999A4018000000000000000A4019000000000025000A7001 A7002000000000000000A7003000000000000000A7004000000000000000A7005000000000158500A7007000000000053000A7009000000000000000A7011000000000000000A7013000000000000000A7014000000000000000A7015000000000155500A7016000000000000002A70170 A7018000000000000000A7019000000000000000A7020000000000031165A7021000000000031165A307107 A307202 A3073000000000000871A30740008 A30750005 A3076000000000000000A3077000000000000000A3078000000000000000A3079000000000000000A3080000000000000000A3081000000000000000A3082000000000000000A3083000000000000000A3084000000000000000A3085000000000000000A3086000000000000000A3087000000000000000A3088000000000000000A3089000000000000000A3090000000000000000A3091000000000000000A3092000000000000000A3093000000000000000A3094000000000000000A30950000 A30960000 B3001000000000000000B3002000000000000000B3003000000000003940B3004000000000001887B3005000000000000000B3006000000000000000B3007000000000000000B3008000000000000000B3009000000999999999B3010000000999999999B3011000000000006796B3012000000000000000B3013000000999999999B3014000000000099999B3015000000000000000A4021000000000000000A402200 A402300 A4024000000000000687A402502 A4026000000000000661A402707 A4028000000000000000A4029000000000000000A4030000000000000676A403105 A4032P A40330000009999999.9A4034000000000000722A403502 A4036000000000000948A40370 A40380 A4039SCPTB999 A4040SCPTN999 A40413 A40420 A40431 A404499 A4045000000000000344A4046000000000000012A4047D A4048000000000000000A4049000000000000000A4050000000000000000A4051000000000000000A4052000000000000000A4053000000000000000A4054000000000000000A405505 A405602 A405703 A4058N A40590 B4001000000000000000B4002000000000003390B4003000000000000000B4004000000000000000B4005000000999999999B4006-00000099999999B40070000008888888.8B4008000000000000002B40090000008888888.8B4010000000000000000B4011000000000000011B40120000008888888.8B4013000000000004081B4014000000000000000B4015000000000000001B4016000000000000001B4017000000000002827B40180000000000000.6B40190000008888888.8B40200000008888888.8B4021000000000000000B40220000000000000.6B4023000000000000282B40240000000000000.0B4025000000000002500B4026000000000002500B4027000000000000000B4028000000000000000B4029000000000000000B4030000000000000000B4031000000000000000B4032000000000000000B4033000000000000000B4034000000000000000B4035000000000000000B4036000000000000000B4037000000000000000B40380000009999999.9B40390000009999999.9B4040000000000000000B4041000000000000000B4042000000000000000B4043000000000220120B4044000000000000000B4045000000000000000B4046000000000000000B4047000000000000000B4048000000000000000B4049000000000000000B4050000000000000133B4051000000000000000B4052000000000000000B4053000000000000000B4054000000999999999B4055000000000000000B4056000000000000000B4057000000000000002B4058000000000000001B4059000000000002738B4060000000000000420B4061000000000000000B4062000000000000000B4063000000000000000B4064000000000000000B4065000000000000000B4066000000000000000B4067000000000005048B3016000000000000000B3017-00000000000999B3018000000000000000B3019000000000000000B3020000000000000000B3021000000000000000B3022000000000000000B3023000000000000000B4068000000000000000B4069000000000000000B4070000000999999999B4071000000000000000A4110000000000000741A4111741 A4112P28P78P36 A4113N74 A41144 A4115000000000000763A4116763 A4117P15P12P10 A4118N39N24 A41192 A8000 A8001 A8002 A8003 A8004 A8005000000000000000A8006000000000000000A8007000000000000000A8008000000000000000A8009000000000000000A8010000000000000000A8011000000000000000A8012000000000000000A8013 A8014000000000000000A8015 A8016000000000000000A8017 B2001000000000000000B2002000000000000000B2003000000000000000B2004000000000000000B2005000000000000000B2006000000000000000B2007000000000000000B2008000000000000000B2009000000000000000B2010000000000000000B2011000000000000000B2012000000000000000A2068 A2073 | B3: 1 | C3: 6 | D3: =MIDB($A$3, $B3+23, 5) -> A1001 | E3: =VLOOKUP(D3,'RCLIPS송신(일사천리론)_최종'!$B:$E,4,0) -> 상품코드 | F3: =VLOOKUP(D3,'RCLIPS송신(일사천리론)_최종'!$B:$D,2,0) -> Character | G3: =VLOOKUP($D3,'RCLIPS송신(일사천리론)_최종'!$B:$D,3,0) -> 2 | H3: =MIDB($A$3, $C3+23, 15) -> 18 | I3: =MIDB($A$8, $B3+10, 5) -> A3051 | J3: =VLOOKUP($I3,'RCLIPS수신(일사천리론)_최종'!$C:$F,2,0) -> NICE CB등급 | K3: =VLOOKUP($I3,'RCLIPS수신(일사천리론)_최종'!$C:$F,3,0) -> S | L3: =VLOOKUP($I3,'RCLIPS수신(일사천리론)_최종'!$C:$F,4,0) -> 0 | M3: =MIDB($A$8, $C3+10, 15) -> 03 | N3: R클립스결과코드 | O3: =MIDB($A$8, 1, 4) -> 0000 | P3: =VLOOKUP(O3,[2]응답메시지!$A:$B,2,0) -> 정상 | Q3: =VLOOKUP(D3,[3]R클립스송수신결과!$D:$H,5,0) -> 18 | R3: =IFERROR(IF(H3<>Q3, "NOT OK", "OK"), "TOBE ONLY") -> OK | U3: =VLOOKUP(I3,[3]R클립스송수신결과!$I:$M,5,0) -> 06 | V3: =IFERROR(IF(M3<>U3, "NOT OK", "OK"), "TOBE ONLY") -> NOT OK
A4: Online_C6_ASS 344A100118 A1004000000000000034A10050 A100618000130398524 A20010 A20020 A20030 A20040 A20050 A20060 A20070 A20080 A20090 A20100 A20110 A20120 A20130 A2014000000000000000A2015000000000000000A2016000000000000000A2017000000000000000A2018000000000000000A2019000000000000000A20200 A20210 A20220 A20230 A20240 A2026000000000000000A2027000000000000000A2028000000000000000A2029000000000000000A2030000000000000000A2031000000000000000A2032000000000000000A2033 A20340 A2035000000000000000A2036000000000000000A2037000000000000000A2057 A2042000000000000000A2043 A2044000000000000000A2045000000000000000A2046 A2047 A2048 A2049 A2050000000000000000A2051 A2052000000000000000A2053000000000000000A2054000000000000000A2055000000000000000A2056000000000000000A2060000000000000000A2061000000000000000A2062000000000000000A2063000000000000000A2064000000000000000A2065000000000000000A20662 A2067000000000000000A2069000000000000000A2070 A2071 A2072000000000000000A20740 A2038000000000031165A203923 A2040000000000053000A2041000000000000000A3016 A3017 A3018 A3021000000000000000A3022000000000000000A3026000000000000000A3027000000000000000A3028000000000000000A3029000000000000009A3030000000000000009A3031000000000000000A3032000000000000000A3033000000000000000A3034000000000000000A3035000000000000000A3036000000000000000A3037000000000000000A3038000000000000000A3039000000000000000A3040000000000000000A3041000000000000000A3044000000000000000A3045000000000000000A3046000000000000000A3047000000000000000A3048000000000000000A3049000000000000000A3050000000000000000A3051000000000000003A3052000000000000002A3053000000000000006A3054000000000000003A3055000000000000004A3056000000000000000A3057000000000002717A3064000000000000000A3065000000000000000A3066000000000000000A3070000000000000000A4001000000000000938A4002000000000000002A4003000000000000000A4004000000000000000A4005000000000000000A4006000000000000000A4007000000000000000A4008000000000000000A4014000000000000000A4015000000000000000A4016000000000000007A4017-00000099999999A4018000000000000000A4019000000000025000A7001 A7002000000000000000A7003000000000000000A7004000000000000000A7005000000000158500A7007000000000053000A7009000000000000000A7011000000000000000A7013000000000000000A7014000000000000000A7015000000000155500A7016000000000000002A70170 A7018000000000000000A7019000000000000000A7020000000000031165A7021000000000031165A307107 A307202 A3073000000000000871A30740008 A30750005 A3076000000000000000A3077000000000000000A3078000000000000000A3079000000000000000A3080000000000000000A3081000000000000000A3082000000000000000A3083000000000000000A3084000000000000000A3085000000000000000A3086000000000000000A3087000000000000000A3088000000000000000A3089000000000000000A3090000000000000000A3091000000000000000A3092000000000000000A3093000000000000000A3094000000000000000A30950000 A30960000 B3001000000000000000B3002000000000000000B3003000000000003940B3004000000000001887B3005000000000000000B3006000000000000000B3007000000000000000B3008000000000000000B3009000000999999999B3010000000999999999B3011000000000006796B3012000000000000000B3013000000999999999B3014000000000099999B3015000000000000000A4021000000000000000A402200 A402300 A4024000000000000687A402502 A4026000000000000661A402707 A4028000000000000000A4029000000000000000A4030000000000000676A403105 A4032P A40330000009999999.9A4034000000000000722A403502 | B4: =C3+15 -> 21 | C4: =B4+5 -> 26 | D4: =MIDB($A$3, $B4+23, 5) -> A1004 | E4: =VLOOKUP(D4,'RCLIPS송신(일사천리론)_최종'!$B:$E,4,0) -> 연령 | F4: =VLOOKUP(D4,'RCLIPS송신(일사천리론)_최종'!$B:$D,2,0) -> Numeric | G4: =VLOOKUP($D4,'RCLIPS송신(일사천리론)_최종'!$B:$D,3,0) -> 9 | H4: =MIDB($A$3, $C4+23, 15) -> 000000000000034 | I4: =MIDB($A$8, $B4+10, 5) -> A3052 | J4: =VLOOKUP($I4,'RCLIPS수신(일사천리론)_최종'!$C:$F,2,0) -> Sub-prime부실예측모형 등급 | K4: =VLOOKUP($I4,'RCLIPS수신(일사천리론)_최종'!$C:$F,3,0) -> S | L4: =VLOOKUP($I4,'RCLIPS수신(일사천리론)_최종'!$C:$F,4,0) -> 0 | M4: =MIDB($A$8, $C4+10, 15) -> 02 | Q4: =VLOOKUP(D4,[3]R클립스송수신결과!$D:$H,5,0) -> 000000000000065 | R4: =IFERROR(IF(H4<>Q4, "NOT OK", "OK"), "TOBE ONLY") -> NOT OK | U4: =VLOOKUP(I4,[3]R클립스송수신결과!$I:$M,5,0) -> 03 | V4: =IFERROR(IF(M4<>U4, "NOT OK", "OK"), "TOBE ONLY") -> NOT OK
A5: A4036000000000000948A40370 A40380 A4039SCPTB999 A4040SCPTN999 A40413 A40420 A40431 A404499 A4045000000000000344A4046000000000000012A4047D A4048000000000000000A4049000000000000000A4050000000000000000A4051000000000000000A4052000000000000000A4053000000000000000A4054000000000000000A405505 A405602 A405703 A4058N A40590 B4001000000000000000B4002000000000003390B4003000000000000000B4004000000000000000B4005000000999999999B4006-00000099999999B40070000008888888.8B4008000000000000002B40090000008888888.8B4010000000000000000B4011000000000000011B40120000008888888.8B4013000000000004081B4014000000000000000B4015000000000000001B4016000000000000001B4017000000000002827B40180000000000000.6B40190000008888888.8B40200000008888888.8B4021000000000000000B40220000000000000.6B4023000000000000282B40240000000000000.0B4025000000000002500B4026000000000002500B4027000000000000000B4028000000000000000B4029000000000000000B4030000000000000000B4031000000000000000B4032000000000000000B4033000000000000000B4034000000000000000B4035000000000000000B4036000000000000000B4037000000000000000B40380000009999999.9B40390000009999999.9B4040000000000000000B4041000000000000000B4042000000000000000B4043000000000220120B4044000000000000000B4045000000000000000B4046000000000000000B4047000000000000000B4048000000000000000B4049000000000000000B4050000000000000133B4051000000000000000B4052000000000000000B4053000000000000000B4054000000999999999B4055000000000000000B4056000000000000000B4057000000000000002B4058000000000000001B4059000000000002738B4060000000000000420B4061000000000000000B4062000000000000000B4063000000000000000B4064000000000000000B4065000000000000000B4066000000000000000B4067000000000005048B3016000000000000000B3017-00000000000999B3018000000000000000B3019000000000000000B3020000000000000000B3021000000000000000B3022000000000000000B3023000000000000000B4068000000000000000B4069000000000000000B4070000000999999999B4071000000000000000A4110000000000000741A4111741 A4112P28P78P36 A4113N74 A41144 A4115000000000000763A4116763 A4117P15P12P10 A4118N39N24 A41192 A8000 A8001 A8002 A8003 A8004 A8005000000000000000A8006000000000000000A8007000000000000000A8008000000000000000A8009000000000000000A8010000000000000000A8011000000000000000A8012000000000000000A8013 A8014000000000000000A8015 A8016000000000000000A8017 B2001000000000000000B2002000000000000000B2003000000000000000B2004000000000000000B2005000000000000000B2006000000000000000B2007000000000000000B2008000000000000000B2009000000000000000B2010000000000000000B2011000000000000000B2012000000000000000A2068 A2073 | B5: =C4+15 -> 41 | C5: =B5+5 -> 46 | D5: =MIDB($A$3, $B5+23, 5) -> A1005 | E5: =VLOOKUP(D5,'RCLIPS송신(일사천리론)_최종'!$B:$E,4,0) -> 외국인여부 | F5: =VLOOKUP(D5,'RCLIPS송신(일사천리론)_최종'!$B:$D,2,0) -> Character | G5: =VLOOKUP($D5,'RCLIPS송신(일사천리론)_최종'!$B:$D,3,0) -> 1 | H5: =MIDB($A$3, $C5+23, 15) -> 0 | I5: =MIDB($A$8, $B5+10, 5) -> A3053 | J5: =VLOOKUP($I5,'RCLIPS수신(일사천리론)_최종'!$C:$F,2,0) -> NICE DEP등급 | K5: =VLOOKUP($I5,'RCLIPS수신(일사천리론)_최종'!$C:$F,3,0) -> S | L5: =VLOOKUP($I5,'RCLIPS수신(일사천리론)_최종'!$C:$F,4,0) -> 0 | M5: =MIDB($A$8, $C5+10, 15) -> 06 | Q5: =VLOOKUP(D5,[3]R클립스송수신결과!$D:$H,5,0) -> 0 | R5: =IFERROR(IF(H5<>Q5, "NOT OK", "OK"), "TOBE ONLY") -> OK | U5: =VLOOKUP(I5,[3]R클립스송수신결과!$I:$M,5,0) -> 07 | V5: =IFERROR(IF(M5<>U5, "NOT OK", "OK"), "TOBE ONLY") -> NOT OK
B6: =C5+15 -> 61 | C6: =B6+5 -> 66 | D6: =MIDB($A$3, $B6+23, 5) -> A1006 | E6: =VLOOKUP(D6,'RCLIPS송신(일사천리론)_최종'!$B:$E,4,0) -> 접수번호 | F6: =VLOOKUP(D6,'RCLIPS송신(일사천리론)_최종'!$B:$D,2,0) -> Character | G6: =VLOOKUP($D6,'RCLIPS송신(일사천리론)_최종'!$B:$D,3,0) -> 14 | H6: =MIDB($A$3, $C6+23, 15) -> 18000130398524 | I6: =MIDB($A$8, $B6+10, 5) -> A3054 | J6: =VLOOKUP($I6,'RCLIPS수신(일사천리론)_최종'!$C:$F,2,0) -> PI등급 2.0버젼 | K6: =VLOOKUP($I6,'RCLIPS수신(일사천리론)_최종'!$C:$F,3,0) -> S | L6: =VLOOKUP($I6,'RCLIPS수신(일사천리론)_최종'!$C:$F,4,0) -> 0 | M6: =MIDB($A$8, $C6+10, 15) -> 03 | Q6: =VLOOKUP(D6,[3]R클립스송수신결과!$D:$H,5,0) -> 48880000014441 | R6: =IFERROR(IF(H6<>Q6, "NOT OK", "OK"), "TOBE ONLY") -> NOT OK | S6: OK | T6: 정상 | U6: =VLOOKUP(I6,[3]R클립스송수신결과!$I:$M,5,0) -> 02 | V6: =IFERROR(IF(M6<>U6, "NOT OK", "OK"), "TOBE ONLY") -> NOT OK
B7: =C6+15 -> 81 | C7: =B7+5 -> 86 | D7: =MIDB($A$3, $B7+23, 5) -> A2001 | E7: =VLOOKUP(D7,'RCLIPS송신(일사천리론)_최종'!$B:$E,4,0) -> 여신연체고객(KB 국민은행정보) | F7: =VLOOKUP(D7,'RCLIPS송신(일사천리론)_최종'!$B:$D,2,0) -> Character | G7: =VLOOKUP($D7,'RCLIPS송신(일사천리론)_최종'!$B:$D,3,0) -> 1 | H7: =MIDB($A$3, $C7+23, 15) -> 0 | I7: =MIDB($A$8, $B7+10, 5) -> A3055 | J7: =VLOOKUP($I7,'RCLIPS수신(일사천리론)_최종'!$C:$F,2,0) -> PI플러스스코어 | K7: =VLOOKUP($I7,'RCLIPS수신(일사천리론)_최종'!$C:$F,3,0) -> S | L7: =VLOOKUP($I7,'RCLIPS수신(일사천리론)_최종'!$C:$F,4,0) -> 0 | M7: =MIDB($A$8, $C7+10, 15) -> 04 | Q7: =VLOOKUP(D7,[3]R클립스송수신결과!$D:$H,5,0) | R7: =IFERROR(IF(H7<>Q7, "NOT OK", "OK"), "TOBE ONLY") -> NOT OK | S7: 현재일자 | T7: 일치 | U7: =VLOOKUP(I7,[3]R클립스송수신결과!$I:$M,5,0) -> 02 | V7: =IFERROR(IF(M7<>U7, "NOT OK", "OK"), "TOBE ONLY") -> NOT OK
A8: =A9&A10&A11&A12 -> 0000300002A305103 A305202 A305306 A305403 A305504 A3056000000000000000A3066000000000000000A400202 A4019000000000025000R000118 R0002000000000000719R000304 R00044 R0005E R00060 R00071 R0008000000002083333R0009000000000000060R0010000000000226416R0011000000001023583R00120000000000016.4R0013C2 R0014000000011200000R0015000000003000000R0016000000009500000R0017000000030000000R0018000000011200000R0019000000003000000R0020000000003000000R0021000000000000015R0022A R0023DR R0024EA R0025000000000000000R0026000000000000011R0027000000000000100R0028000000000000024R0029000000000000003R00300 R0031000000000000000R00320000000000002.0R00330000000000003.0R0034000000025000000R0035000000000000000R0036000000002716992R003704 R00380000000000741.0R003906 R004005 R004107 R0042 R004300 R0044000000002083333R0045000000000000000R0046000000000000000R004701 A4001000000000000938A3073000000000000871R00510 R0052000000019999996R0053000000053000000R0054000000053000000R0055000000003000000R005005 R00561 R0057 R0058000000012800000R00590 R0060000000019999996R0061000000000000000R00620 R00660 R00672 R00680 R0069000000000000763R007002 R007103 R00720 R8000 R8001 R8002 R800307 R8004 R80050000000000000.0R8006B04 R8007 R8008000000000000000R80090000000000000.0R8010000000000000000R80110 S0001000000000000000S0002000000000000000S0003000000000000000S0004000000000000000S0005000000000000000S0006000000000000000S0007000000000000000S0008000000000000000S0009000000000000000S0010000000000000000S0011000000000000000S0012000000000000000S0013000000000000000S0014000000000000000S0015000000000003940S0016000000000001887S0017000000000000000S0018000000000000000S0019000000000000000S0020000000000000000S0021000000999999999S0022000000999999999S0023000000000006796S0024000000000006796S0025000000000000000S0026000000999999999S0027000000999999999S0028000000000000000S0029-00000000000999S0030000000000000000S0031000000000000000S0032000000999999999S0033000000000000002S0034000000008888888S0035000000000000000S0036000000000000011S0037000000000000011S0038000000008888888S0039000000000004081S0040000000000004081S0041000000000000000S0042000000000000001S0043000000000000001S0044000000000002827S0045000000008888888S0046000000008888888S0047000000000000000S0048000000000000000S0049000000000000282S0050000000000000000S0051000000000002500S0052000000000002500S0053000000000000000S0054000000000000000S0055000000000000000S0056000000000000000S0057000000000000000S0058000000000000000S0059000000000000000S0060000000009999999S0061000000009999999S0062000000009999999S0063000000009999999S0064000000000000000S0065000000000220120S0066000000000220120S0067000000000000000S0068000000000000000S0069000000000000000S0070000000000000002S0071000000000000001S0072000000000002738S0073000000000000420S0074000000000000000S0075000000000000000S0076000000000000000S0077000000000000000S0078000000000000000S0079000000000000000S0080000000000005048S0081000000000000000S0082000000000000000S0083000000000000000S0084000000000000000S0085000000000000000S0086000000000000000S0087000000000000000S0088000000000000000S0089000000000000000S0090000000000000000S0091000000888888888S0092000000000000100S0093000000888888888S0094000000888888888S0095000000888888888S0096000000000000000S0097000000000000000S0098000000000000000S0099000000000000000S0100000000888888888S0101000000000000000S0102000000000000000S0103000000888888888S0104-00000099999999S0105000000000000000W0001-00000000000002W0002000000000000003W0003000000000000001W0004000000000000001W0005-00000000000003W0006-00000000000002W0007-00000000000002W0008000000000000002W0009-00000000000012W0010000000000000002W0011000000000000001W0012000000000000002W0013000000000000005W0014000000000000001W0015000000000000008W0016000000000000003W0017000000000000001W0018000000000000000W0019000000000000005W0020000000000000002W0021-00000000000002W0022-00000000000001W0023000000000000024W0024000000000000024W0025000000000000001W0026-00000000000001W0027-00000000000001W0028000000000000003W0029-00000000000032W0030-00000000000002W0031000000000000001W0032000000000000001W0033000000000000005W0034-00000000000002W0035-00000000000002W0036-00000000000002W0037-00000000000002W0038-00000000000002W0039-00000000000002W0040-00000000000002W0041000000000000001W0042000000000000001W0043-00000000000011W0044000000000000016W0045-00000000000001W0046-00000000000001W0047000000000000007W0048-00000000000006W0049-00000000000005W0050-00000000000005W0051000000000000005W0052000000000000005W0053-00000000000014W0054000000000000005W0055-00000000000001W0056000000000000001W0057-00000000000001W0058000000000000002W0059000000000000002W0060-00000000000014W0061-00000000000014W0062-00000000000008W0063-00000000000008W0064000000000000000W0065000000000000007W0066000000000000007W0067000000000000003W0068000000000000003W0069000000000000001W0070000000000000004W0071-00000000000002W0072000000000000010W0073000000000000004W0074000000000000001W0075000000000000002W0076000000000000001W0077000000000000001W0078000000000000001W0079-00000000000001W0080-00000000000001W0081000000000000002W0082000000000000001W0083000000000000001W0084000000000000001W0085000000000000001W0086000000000000025W0087000000000000025W0088000000000000004W0089000000000000017W0090000000000000007W0091-00000000000016W0092-00000000000012W0093-00000000000001W0094000000000000001W0095000000000000001W0096000000000000001W0097000000000000006W0098000000000000020W0099000000000000001W0100000000000000004W0101000000000000002W0102000000000000001W0103000000000000001W0104-00000000000002W0105-00000000000002KORLTK373KORLTK362 | B8: =C7+15 -> 101 | C8: =B8+5 -> 106 | D8: =MIDB($A$3, $B8+23, 5) -> A2002 | E8: =VLOOKUP(D8,'RCLIPS송신(일사천리론)_최종'!$B:$E,4,0) -> 신용카드 거래정지 등록고객 | F8: =VLOOKUP(D8,'RCLIPS송신(일사천리론)_최종'!$B:$D,2,0) -> Character | G8: =VLOOKUP($D8,'RCLIPS송신(일사천리론)_최종'!$B:$D,3,0) -> 1 | H8: =MIDB($A$3, $C8+23, 15) -> 0 | I8: =MIDB($A$8, $B8+10, 5) -> A3056 | J8: =VLOOKUP($I8,'RCLIPS수신(일사천리론)_최종'!$C:$F,2,0) -> 실시간 대출 기관수 | K8: =VLOOKUP($I8,'RCLIPS수신(일사천리론)_최종'!$C:$F,3,0) -> N | L8: =VLOOKUP($I8,'RCLIPS수신(일사천리론)_최종'!$C:$F,4,0) -> 15 | M8: =MIDB($A$8, $C8+10, 15) -> 000000000000000 | Q8: =VLOOKUP(D8,[3]R클립스송수신결과!$D:$H,5,0) | R8: =IFERROR(IF(H8<>Q8, "NOT OK", "OK"), "TOBE ONLY") -> NOT OK | S8: 현재일자 | T8: 일치 | U8: =VLOOKUP(I8,[3]R클립스송수신결과!$I:$M,5,0) -> 000000000000000 | V8: =IFERROR(IF(M8<>U8, "NOT OK", "OK"), "TOBE ONLY") -> OK
